SEGREF,easting,northing
WA_A,-202493,90442
WA_F,-182496,90175
WA_K,-162500,89909
WA_Q,-142504,89643
WA_V,-122509,89376
WV_C,-203289,30449
WV_D,-203024,50447
WV_E,-202759,70444
WV_H,-183292,30185
WV_I,-183027,50182
WV_J,-182762,70178
WV_M,-163295,29921
WV_N,-163031,49917
WV_P,-162766,69913
WV_S,-143300,29657
WV_T,-143035,49652
WV_U,-142770,69647
WV_X,-123305,29392
WV_Y,-123041,49387
WV_Z,-122775,69382
HP_A,410000,1210000
HP_B,410000,1230000
HP_F,430000,1210000
HP_G,430000,1230000
HP_K,450000,1210000
HP_L,450000,1230000
HP_Q,470000,1210000
HP_R,470000,1230000
HP_V,490000,1210000
HP_W,490000,1230000
HT_F,330000,1110000
HT_K,350000,1110000
HT_Q,370000,1110000
HT_V,390000,1110000
HT_W,390000,1130000
HT_X,390000,1150000
HT_Y,390000,1170000
HT_Z,390000,1190000
HU_A,410000,1110000
HU_B,410000,1130000
HU_C,410000,1150000
HU_D,410000,1170000
HU_E,410000,1190000
HU_F,430000,1110000
HU_G,430000,1130000
HU_H,430000,1150000
HU_I,430000,1170000
HU_J,430000,1190000
HU_K,450000,1110000
HU_L,450000,1130000
HU_M,450000,1150000
HU_N,450000,1170000
HU_P,450000,1190000
HU_Q,470000,1110000
HU_R,470000,1130000
HU_S,470000,1150000
HU_T,470000,1170000
HU_U,470000,1190000
HU_V,490000,1110000
HU_W,490000,1130000
HU_X,490000,1150000
HU_Y,490000,1170000
HU_Z,490000,1190000
HW_A,110000,1010000
HW_B,110000,1030000
HW_F,130000,1010000
HW_G,130000,1030000
HW_K,150000,1010000
HW_L,150000,1030000
HW_Q,170000,1010000
HW_R,170000,1030000
HW_V,190000,1010000
HW_W,190000,1030000
HX_A,210000,1010000
HX_B,210000,1030000
HX_F,230000,1010000
HX_G,230000,1030000
HX_K,250000,1010000
HX_L,250000,1030000
HX_Q,270000,1010000
HX_R,270000,1030000
HX_V,290000,1010000
HX_W,290000,1030000
HY_A,310000,1010000
HY_B,310000,1030000
HY_F,330000,1010000
HY_G,330000,1030000
HY_H,330000,1050000
HY_I,330000,1070000
HY_J,330000,1090000
HY_K,350000,1010000
HY_L,350000,1030000
HY_M,350000,1050000
HY_N,350000,1070000
HY_P,350000,1090000
HY_Q,370000,1010000
HY_R,370000,1030000
HY_S,370000,1050000
HY_T,370000,1070000
HY_U,370000,1090000
HY_V,390000,1010000
HY_W,390000,1030000
HY_X,390000,1050000
HY_Y,390000,1070000
HY_Z,390000,1090000
HZ_C,410000,1050000
HZ_D,410000,1070000
HZ_E,410000,1090000
HZ_H,430000,1050000
HZ_I,430000,1070000
HZ_J,430000,1090000
HZ_N,450000,1070000
HZ_P,450000,1090000
HZ_U,470000,1090000
HZ_Z,490000,1090000
NA_A,10000,910000
NA_B,10000,930000
NA_C,10000,950000
NA_D,10000,970000
NA_E,10000,990000
NA_F,30000,910000
NA_G,30000,930000
NA_H,30000,950000
NA_I,30000,970000
NA_J,30000,990000
NA_K,50000,910000
NA_L,50000,930000
NA_M,50000,950000
NA_N,50000,970000
NA_P,50000,990000
NA_Q,70000,910000
NA_R,70000,930000
NA_S,70000,950000
NA_T,70000,970000
NA_U,70000,990000
NA_V,90000,910000
NA_W,90000,930000
NA_X,90000,950000
NA_Y,90000,970000
NA_Z,90000,990000
NB_A,110000,910000
NB_B,110000,930000
NB_C,110000,950000
NB_D,110000,970000
NB_E,110000,990000
NB_F,130000,910000
NB_G,130000,930000
NB_H,130000,950000
NB_I,130000,970000
NB_J,130000,990000
NB_K,150000,910000
NB_L,150000,930000
NB_M,150000,950000
NB_N,150000,970000
NB_P,150000,990000
NB_Q,170000,910000
NB_R,170000,930000
NB_S,170000,950000
NB_T,170000,970000
NB_U,170000,990000
NB_V,190000,910000
NB_W,190000,930000
NB_X,190000,950000
NB_Y,190000,970000
NB_Z,190000,990000
NC_A,210000,910000
NC_B,210000,930000
NC_C,210000,950000
NC_D,210000,970000
NC_E,210000,990000
NC_F,230000,910000
NC_G,230000,930000
NC_H,230000,950000
NC_I,230000,970000
NC_J,230000,990000
NC_K,250000,910000
NC_L,250000,930000
NC_M,250000,950000
NC_N,250000,970000
NC_P,250000,990000
NC_Q,270000,910000
NC_R,270000,930000
NC_S,270000,950000
NC_T,270000,970000
NC_U,270000,990000
NC_V,290000,910000
NC_W,290000,930000
NC_X,290000,950000
NC_Y,290000,970000
NC_Z,290000,990000
ND_A,310000,910000
ND_B,310000,930000
ND_C,310000,950000
ND_D,310000,970000
ND_E,310000,990000
ND_F,330000,910000
ND_G,330000,930000
ND_H,330000,950000
ND_I,330000,970000
ND_J,330000,990000
ND_K,350000,910000
ND_L,350000,930000
ND_M,350000,950000
ND_N,350000,970000
ND_P,350000,990000
ND_Q,370000,910000
ND_R,370000,930000
ND_S,370000,950000
ND_T,370000,970000
ND_U,370000,990000
ND_V,390000,910000
ND_W,390000,930000
ND_X,390000,950000
ND_Y,390000,970000
ND_Z,390000,990000
NF_E,10000,890000
NF_F,30000,810000
NF_G,30000,830000
NF_H,30000,850000
NF_I,30000,870000
NF_J,30000,890000
NF_K,50000,810000
NF_L,50000,830000
NF_M,50000,850000
NF_N,50000,870000
NF_P,50000,890000
NF_Q,70000,810000
NF_R,70000,830000
NF_S,70000,850000
NF_T,70000,870000
NF_U,70000,890000
NF_V,90000,810000
NF_W,90000,830000
NF_X,90000,850000
NF_Y,90000,870000
NF_Z,90000,890000
NG_A,110000,810000
NG_B,110000,830000
NG_C,110000,850000
NG_D,110000,870000
NG_E,110000,890000
NG_F,130000,810000
NG_G,130000,830000
NG_H,130000,850000
NG_I,130000,870000
NG_J,130000,890000
NG_K,150000,810000
NG_L,150000,830000
NG_M,150000,850000
NG_N,150000,870000
NG_P,150000,890000
NG_Q,170000,810000
NG_R,170000,830000
NG_S,170000,850000
NG_T,170000,870000
NG_U,170000,890000
NG_V,190000,810000
NG_W,190000,830000
NG_X,190000,850000
NG_Y,190000,870000
NG_Z,190000,890000
NH_A,210000,810000
NH_B,210000,830000
NH_C,210000,850000
NH_D,210000,870000
NH_E,210000,890000
NH_F,230000,810000
NH_G,230000,830000
NH_H,230000,850000
NH_I,230000,870000
NH_J,230000,890000
NH_K,250000,810000
NH_L,250000,830000
NH_M,250000,850000
NH_N,250000,870000
NH_P,250000,890000
NH_Q,270000,810000
NH_R,270000,830000
NH_S,270000,850000
NH_T,270000,870000
NH_U,270000,890000
NH_V,290000,810000
NH_W,290000,830000
NH_X,290000,850000
NH_Y,290000,870000
NH_Z,290000,890000
NJ_A,310000,810000
NJ_B,310000,830000
NJ_C,310000,850000
NJ_D,310000,870000
NJ_E,310000,890000
NJ_F,330000,810000
NJ_G,330000,830000
NJ_H,330000,850000
NJ_I,330000,870000
NJ_J,330000,890000
NJ_K,350000,810000
NJ_L,350000,830000
NJ_M,350000,850000
NJ_N,350000,870000
NJ_P,350000,890000
NJ_Q,370000,810000
NJ_R,370000,830000
NJ_S,370000,850000
NJ_T,370000,870000
NJ_U,370000,890000
NJ_V,390000,810000
NJ_W,390000,830000
NJ_X,390000,850000
NJ_Y,390000,870000
NJ_Z,390000,890000
NK_A,410000,810000
NK_B,410000,830000
NK_C,410000,850000
NK_D,410000,870000
NK_E,410000,890000
NL_I,30000,770000
NL_J,30000,790000
NL_N,50000,770000
NL_P,50000,790000
NL_Q,70000,710000
NL_R,70000,730000
NL_S,70000,750000
NL_T,70000,770000
NL_U,70000,790000
NL_V,90000,710000
NL_W,90000,730000
NL_X,90000,750000
NL_Y,90000,770000
NL_Z,90000,790000
NM_A,110000,710000
NM_B,110000,730000
NM_C,110000,750000
NM_D,110000,770000
NM_E,110000,790000
NM_F,130000,710000
NM_G,130000,730000
NM_H,130000,750000
NM_I,130000,770000
NM_J,130000,790000
NM_K,150000,710000
NM_L,150000,730000
NM_M,150000,750000
NM_N,150000,770000
NM_P,150000,790000
NM_Q,170000,710000
NM_R,170000,730000
NM_S,170000,750000
NM_T,170000,770000
NM_U,170000,790000
NM_V,190000,710000
NM_W,190000,730000
NM_X,190000,750000
NM_Y,190000,770000
NM_Z,190000,790000
NN_A,210000,710000
NN_B,210000,730000
NN_C,210000,750000
NN_D,210000,770000
NN_E,210000,790000
NN_F,230000,710000
NN_G,230000,730000
NN_H,230000,750000
NN_I,230000,770000
NN_J,230000,790000
NN_K,250000,710000
NN_L,250000,730000
NN_M,250000,750000
NN_N,250000,770000
NN_P,250000,790000
NN_Q,270000,710000
NN_R,270000,730000
NN_S,270000,750000
NN_T,270000,770000
NN_U,270000,790000
NN_V,290000,710000
NN_W,290000,730000
NN_X,290000,750000
NN_Y,290000,770000
NN_Z,290000,790000
NO_A,310000,710000
NO_B,310000,730000
NO_C,310000,750000
NO_D,310000,770000
NO_E,310000,790000
NO_F,330000,710000
NO_G,330000,730000
NO_H,330000,750000
NO_I,330000,770000
NO_J,330000,790000
NO_K,350000,710000
NO_L,350000,730000
NO_M,350000,750000
NO_N,350000,770000
NO_P,350000,790000
NO_Q,370000,710000
NO_R,370000,730000
NO_S,370000,750000
NO_T,370000,770000
NO_U,370000,790000
NO_V,390000,710000
NO_W,390000,730000
NO_X,390000,750000
NO_Y,390000,770000
NO_Z,390000,790000
NR_C,110000,650000
NR_D,110000,670000
NR_H,130000,650000
NR_I,130000,670000
NR_J,130000,690000
NR_K,150000,610000
NR_M,150000,650000
NR_N,150000,670000
NR_P,150000,690000
NR_Q,170000,610000
NR_R,170000,630000
NR_S,170000,650000
NR_T,170000,670000
NR_U,170000,690000
NR_V,190000,610000
NR_W,190000,630000
NR_X,190000,650000
NR_Y,190000,670000
NR_Z,190000,690000
NS_A,210000,610000
NS_B,210000,630000
NS_C,210000,650000
NS_D,210000,670000
NS_E,210000,690000
NS_F,230000,610000
NS_G,230000,630000
NS_H,230000,650000
NS_I,230000,670000
NS_J,230000,690000
NS_K,250000,610000
NS_L,250000,630000
NS_M,250000,650000
NS_N,250000,670000
NS_P,250000,690000
NS_Q,270000,610000
NS_R,270000,630000
NS_S,270000,650000
NS_T,270000,670000
NS_U,270000,690000
NS_V,290000,610000
NS_W,290000,630000
NS_X,290000,650000
NS_Y,290000,670000
NS_Z,290000,690000
NT_A,310000,610000
NT_B,310000,630000
NT_C,310000,650000
NT_D,310000,670000
NT_E,310000,690000
NT_F,330000,610000
NT_G,330000,630000
NT_H,330000,650000
NT_I,330000,670000
NT_J,330000,690000
NT_K,350000,610000
NT_L,350000,630000
NT_M,350000,650000
NT_N,350000,670000
NT_P,350000,690000
NT_Q,370000,610000
NT_R,370000,630000
NT_S,370000,650000
NT_T,370000,670000
NT_U,370000,690000
NT_V,390000,610000
NT_W,390000,630000
NT_X,390000,650000
NT_Y,390000,670000
NT_Z,390000,690000
NU_A,410000,610000
NU_B,410000,630000
NU_C,410000,650000
NU_D,410000,670000
NU_E,410000,690000
NU_F,430000,610000
NU_G,430000,630000
NU_H,430000,650000
NU_I,430000,670000
NW_X,190000,550000
NW_Y,190000,570000
NX_A,210000,510000
NX_B,210000,530000
NX_C,210000,550000
NX_D,210000,570000
NX_E,210000,590000
NX_F,230000,510000
NX_G,230000,530000
NX_H,230000,550000
NX_I,230000,570000
NX_J,230000,590000
NX_K,250000,510000
NX_L,250000,530000
NX_M,250000,550000
NX_N,250000,570000
NX_P,250000,590000
NX_Q,270000,510000
NX_R,270000,530000
NX_S,270000,550000
NX_T,270000,570000
NX_U,270000,590000
NX_V,290000,510000
NX_W,290000,530000
NX_X,290000,550000
NX_Y,290000,570000
NX_Z,290000,590000
NY_A,310000,510000
NY_B,310000,530000
NY_C,310000,550000
NY_D,310000,570000
NY_E,310000,590000
NY_F,330000,510000
NY_G,330000,530000
NY_H,330000,550000
NY_I,330000,570000
NY_J,330000,590000
NY_K,350000,510000
NY_L,350000,530000
NY_M,350000,550000
NY_N,350000,570000
NY_P,350000,590000
NY_Q,370000,510000
NY_R,370000,530000
NY_S,370000,550000
NY_T,370000,570000
NY_U,370000,590000
NY_V,390000,510000
NY_W,390000,530000
NY_X,390000,550000
NY_Y,390000,570000
NY_Z,390000,590000
NZ_A,410000,510000
NZ_B,410000,530000
NZ_C,410000,550000
NZ_D,410000,570000
NZ_E,410000,590000
NZ_F,430000,510000
NZ_G,430000,530000
NZ_H,430000,550000
NZ_I,430000,570000
NZ_J,430000,590000
NZ_K,450000,510000
NZ_L,450000,530000
NZ_M,450000,550000
NZ_N,450000,570000
NZ_P,450000,590000
NZ_Q,470000,510000
NZ_R,470000,530000
NZ_V,490000,510000
NZ_W,490000,530000
SC_A,210000,410000
SC_B,210000,430000
SC_C,210000,450000
SC_D,210000,470000
SC_E,210000,490000
SC_F,230000,410000
SC_G,230000,430000
SC_H,230000,450000
SC_I,230000,470000
SC_J,230000,490000
SC_K,250000,410000
SC_L,250000,430000
SC_M,250000,450000
SC_N,250000,470000
SC_P,250000,490000
SC_Q,270000,410000
SC_R,270000,430000
SC_S,270000,450000
SC_T,270000,470000
SC_U,270000,490000
SC_V,290000,410000
SC_W,290000,430000
SC_X,290000,450000
SC_Y,290000,470000
SC_Z,290000,490000
SD_A,310000,410000
SD_B,310000,430000
SD_C,310000,450000
SD_D,310000,470000
SD_E,310000,490000
SD_F,330000,410000
SD_G,330000,430000
SD_H,330000,450000
SD_I,330000,470000
SD_J,330000,490000
SD_K,350000,410000
SD_L,350000,430000
SD_M,350000,450000
SD_N,350000,470000
SD_P,350000,490000
SD_Q,370000,410000
SD_R,370000,430000
SD_S,370000,450000
SD_T,370000,470000
SD_U,370000,490000
SD_V,390000,410000
SD_W,390000,430000
SD_X,390000,450000
SD_Y,390000,470000
SD_Z,390000,490000
SE_A,410000,410000
SE_B,410000,430000
SE_C,410000,450000
SE_D,410000,470000
SE_E,410000,490000
SE_F,430000,410000
SE_G,430000,430000
SE_H,430000,450000
SE_I,430000,470000
SE_J,430000,490000
SE_K,450000,410000
SE_L,450000,430000
SE_M,450000,450000
SE_N,450000,470000
SE_P,450000,490000
SE_Q,470000,410000
SE_R,470000,430000
SE_S,470000,450000
SE_T,470000,470000
SE_U,470000,490000
SE_V,490000,410000
SE_W,490000,430000
SE_X,490000,450000
SE_Y,490000,470000
SE_Z,490000,490000
SH_A,210000,310000
SH_B,210000,330000
SH_C,210000,350000
SH_D,210000,370000
SH_E,210000,390000
SH_F,230000,310000
SH_G,230000,330000
SH_H,230000,350000
SH_I,230000,370000
SH_J,230000,390000
SH_K,250000,310000
SH_L,250000,330000
SH_M,250000,350000
SH_N,250000,370000
SH_P,250000,390000
SH_Q,270000,310000
SH_R,270000,330000
SH_S,270000,350000
SH_T,270000,370000
SH_U,270000,390000
SH_V,290000,310000
SH_W,290000,330000
SH_X,290000,350000
SH_Y,290000,370000
SH_Z,290000,390000
SJ_A,310000,310000
SJ_B,310000,330000
SJ_C,310000,350000
SJ_D,310000,370000
SJ_E,310000,390000
SJ_F,330000,310000
SJ_G,330000,330000
SJ_H,330000,350000
SJ_I,330000,370000
SJ_J,330000,390000
SJ_K,350000,310000
SJ_L,350000,330000
SJ_M,350000,350000
SJ_N,350000,370000
SJ_P,350000,390000
SJ_Q,370000,310000
SJ_R,370000,330000
SJ_S,370000,350000
SJ_T,370000,370000
SJ_U,370000,390000
SJ_V,390000,310000
SJ_W,390000,330000
SJ_X,390000,350000
SJ_Y,390000,370000
SJ_Z,390000,390000
SK_A,410000,310000
SK_B,410000,330000
SK_C,410000,350000
SK_D,410000,370000
SK_E,410000,390000
SK_F,430000,310000
SK_G,430000,330000
SK_H,430000,350000
SK_I,430000,370000
SK_J,430000,390000
SK_K,450000,310000
SK_L,450000,330000
SK_M,450000,350000
SK_N,450000,370000
SK_P,450000,390000
SK_Q,470000,310000
SK_R,470000,330000
SK_S,470000,350000
SK_T,470000,370000
SK_U,470000,390000
SK_V,490000,310000
SK_W,490000,330000
SK_X,490000,350000
SK_Y,490000,370000
SK_Z,490000,390000
SM_A,110000,210000
SM_B,110000,230000
SM_F,130000,210000
SM_G,130000,230000
SM_K,150000,210000
SM_L,150000,230000
SM_M,150000,250000
SM_Q,170000,210000
SM_R,170000,230000
SM_S,170000,250000
SM_T,170000,270000
SM_U,170000,290000
SM_V,190000,210000
SM_W,190000,230000
SM_X,190000,250000
SM_Y,190000,270000
SM_Z,190000,290000
SN_A,210000,210000
SN_B,210000,230000
SN_C,210000,250000
SN_D,210000,270000
SN_E,210000,290000
SN_F,230000,210000
SN_G,230000,230000
SN_H,230000,250000
SN_I,230000,270000
SN_J,230000,290000
SN_K,250000,210000
SN_L,250000,230000
SN_M,250000,250000
SN_N,250000,270000
SN_P,250000,290000
SN_Q,270000,210000
SN_R,270000,230000
SN_S,270000,250000
SN_T,270000,270000
SN_U,270000,290000
SN_V,290000,210000
SN_W,290000,230000
SN_X,290000,250000
SN_Y,290000,270000
SN_Z,290000,290000
SO_A,310000,210000
SO_B,310000,230000
SO_C,310000,250000
SO_D,310000,270000
SO_E,310000,290000
SO_F,330000,210000
SO_G,330000,230000
SO_H,330000,250000
SO_I,330000,270000
SO_J,330000,290000
SO_K,350000,210000
SO_L,350000,230000
SO_M,350000,250000
SO_N,350000,270000
SO_P,350000,290000
SO_Q,370000,210000
SO_R,370000,230000
SO_S,370000,250000
SO_T,370000,270000
SO_U,370000,290000
SO_V,390000,210000
SO_W,390000,230000
SO_X,390000,250000
SO_Y,390000,270000
SO_Z,390000,290000
SP_A,410000,210000
SP_B,410000,230000
SP_C,410000,250000
SP_D,410000,270000
SP_E,410000,290000
SP_F,430000,210000
SP_G,430000,230000
SP_H,430000,250000
SP_I,430000,270000
SP_J,430000,290000
SP_K,450000,210000
SP_L,450000,230000
SP_M,450000,250000
SP_N,450000,270000
SP_P,450000,290000
SP_Q,470000,210000
SP_R,470000,230000
SP_S,470000,250000
SP_T,470000,270000
SP_U,470000,290000
SP_V,490000,210000
SP_W,490000,230000
SP_X,490000,250000
SP_Y,490000,270000
SP_Z,490000,290000
SR_Q,170000,110000
SR_R,170000,130000
SR_S,170000,150000
SR_T,170000,170000
SR_U,170000,190000
SR_V,190000,110000
SR_W,190000,130000
SR_X,190000,150000
SR_Y,190000,170000
SR_Z,190000,190000
SS_A,210000,110000
SS_B,210000,130000
SS_C,210000,150000
SS_D,210000,170000
SS_E,210000,190000
SS_F,230000,110000
SS_G,230000,130000
SS_H,230000,150000
SS_I,230000,170000
SS_J,230000,190000
SS_K,250000,110000
SS_L,250000,130000
SS_M,250000,150000
SS_N,250000,170000
SS_P,250000,190000
SS_Q,270000,110000
SS_R,270000,130000
SS_S,270000,150000
SS_T,270000,170000
SS_U,270000,190000
SS_V,290000,110000
SS_W,290000,130000
SS_X,290000,150000
SS_Y,290000,170000
SS_Z,290000,190000
ST_A,310000,110000
ST_B,310000,130000
ST_C,310000,150000
ST_D,310000,170000
ST_E,310000,190000
ST_F,330000,110000
ST_G,330000,130000
ST_H,330000,150000
ST_I,330000,170000
ST_J,330000,190000
ST_K,350000,110000
ST_L,350000,130000
ST_M,350000,150000
ST_N,350000,170000
ST_P,350000,190000
ST_Q,370000,110000
ST_R,370000,130000
ST_S,370000,150000
ST_T,370000,170000
ST_U,370000,190000
ST_V,390000,110000
ST_W,390000,130000
ST_X,390000,150000
ST_Y,390000,170000
ST_Z,390000,190000
SU_A,410000,110000
SU_B,410000,130000
SU_C,410000,150000
SU_D,410000,170000
SU_E,410000,190000
SU_F,430000,110000
SU_G,430000,130000
SU_H,430000,150000
SU_I,430000,170000
SU_J,430000,190000
SU_K,450000,110000
SU_L,450000,130000
SU_M,450000,150000
SU_N,450000,170000
SU_P,450000,190000
SU_Q,470000,110000
SU_R,470000,130000
SU_S,470000,150000
SU_T,470000,170000
SU_U,470000,190000
SU_V,490000,110000
SU_W,490000,130000
SU_X,490000,150000
SU_Y,490000,170000
SU_Z,490000,190000
SV_Q,70000,10000
SV_R,70000,30000
SV_V,90000,10000
SV_W,90000,30000
SW_A,110000,10000
SW_B,110000,30000
SW_F,130000,10000
SW_G,130000,30000
SW_H,130000,50000
SW_K,150000,10000
SW_L,150000,30000
SW_M,150000,50000
SW_N,150000,70000
SW_P,150000,90000
SW_Q,170000,10000
SW_R,170000,30000
SW_S,170000,50000
SW_T,170000,70000
SW_U,170000,90000
SW_V,190000,10000
SW_W,190000,30000
SW_X,190000,50000
SW_Y,190000,70000
SW_Z,190000,90000
SX_A,210000,10000
SX_B,210000,30000
SX_C,210000,50000
SX_D,210000,70000
SX_E,210000,90000
SX_F,230000,10000
SX_G,230000,30000
SX_H,230000,50000
SX_I,230000,70000
SX_J,230000,90000
SX_K,250000,10000
SX_L,250000,30000
SX_M,250000,50000
SX_N,250000,70000
SX_P,250000,90000
SX_Q,270000,10000
SX_R,270000,30000
SX_S,270000,50000
SX_T,270000,70000
SX_U,270000,90000
SX_W,290000,30000
SX_X,290000,50000
SX_Y,290000,70000
SX_Z,290000,90000
SY_C,310000,50000
SY_D,310000,70000
SY_E,310000,90000
SY_I,330000,70000
SY_J,330000,90000
SY_N,350000,70000
SY_P,350000,90000
SY_T,370000,70000
SY_U,370000,90000
SY_Y,390000,70000
SY_Z,390000,90000
SZ_D,410000,70000
SZ_E,410000,90000
SZ_I,430000,70000
SZ_J,430000,90000
SZ_N,450000,70000
SZ_P,450000,90000
SZ_T,470000,70000
SZ_U,470000,90000
SZ_Y,490000,70000
SZ_Z,490000,90000
TA_A,510000,410000
TA_B,510000,430000
TA_C,510000,450000
TA_D,510000,470000
TA_E,510000,490000
TA_F,530000,410000
TA_G,530000,430000
TA_H,530000,450000
TA_I,530000,470000
TA_J,530000,490000
TA_K,550000,410000
TA_L,550000,430000
TA_M,550000,450000
TA_N,550000,470000
TA_P,550000,490000
TF_A,510000,310000
TF_B,510000,330000
TF_C,510000,350000
TF_D,510000,370000
TF_E,510000,390000
TF_F,530000,310000
TF_G,530000,330000
TF_H,530000,350000
TF_I,530000,370000
TF_J,530000,390000
TF_K,550000,310000
TF_L,550000,330000
TF_M,550000,350000
TF_N,550000,370000
TF_P,550000,390000
TF_Q,570000,310000
TF_R,570000,330000
TF_S,570000,350000
TF_T,570000,370000
TF_V,590000,310000
TF_W,590000,330000
TF_X,590000,350000
TG_A,610000,310000
TG_B,610000,330000
TG_C,610000,350000
TG_F,630000,310000
TG_G,630000,330000
TG_H,630000,350000
TG_K,650000,310000
TG_L,650000,330000
TG_M,650000,350000
TL_A,510000,210000
TL_B,510000,230000
TL_C,510000,250000
TL_D,510000,270000
TL_E,510000,290000
TL_F,530000,210000
TL_G,530000,230000
TL_H,530000,250000
TL_I,530000,270000
TL_J,530000,290000
TL_K,550000,210000
TL_L,550000,230000
TL_M,550000,250000
TL_N,550000,270000
TL_P,550000,290000
TL_Q,570000,210000
TL_R,570000,230000
TL_S,570000,250000
TL_T,570000,270000
TL_U,570000,290000
TL_V,590000,210000
TL_W,590000,230000
TL_X,590000,250000
TL_Y,590000,270000
TL_Z,590000,290000
TM_A,610000,210000
TM_B,610000,230000
TM_C,610000,250000
TM_D,610000,270000
TM_E,610000,290000
TM_F,630000,210000
TM_G,630000,230000
TM_H,630000,250000
TM_I,630000,270000
TM_J,630000,290000
TM_K,650000,210000
TM_L,650000,230000
TM_M,650000,250000
TM_N,650000,270000
TM_P,650000,290000
TQ_A,510000,110000
TQ_B,510000,130000
TQ_C,510000,150000
TQ_D,510000,170000
TQ_E,510000,190000
TQ_F,530000,110000
TQ_G,530000,130000
TQ_H,530000,150000
TQ_I,530000,170000
TQ_J,530000,190000
TQ_K,550000,110000
TQ_L,550000,130000
TQ_M,550000,150000
TQ_N,550000,170000
TQ_P,550000,190000
TQ_Q,570000,110000
TQ_R,570000,130000
TQ_S,570000,150000
TQ_T,570000,170000
TQ_U,570000,190000
TQ_V,590000,110000
TQ_W,590000,130000
TQ_X,590000,150000
TQ_Y,590000,170000
TQ_Z,590000,190000
TR_A,610000,110000
TR_B,610000,130000
TR_C,610000,150000
TR_D,610000,170000
TR_E,610000,190000
TR_F,630000,110000
TR_G,630000,130000
TR_H,630000,150000
TR_I,630000,170000
TR_J,630000,190000
TR_K,650000,110000
TR_L,650000,130000
TR_M,650000,150000
TR_N,650000,170000
TR_P,650000,190000
TV_E,510000,90000
TV_J,530000,90000
TV_P,550000,90000
TV_U,570000,90000
TV_Z,590000,90000
IB_K,-34029,581113
IB_Q,-14067,579395
IB_R,-12347,599355
IB_S,-10624,619314
IB_V,5891,577677
IB_W,7610,597634
IB_X,9333,617589
IC_A,25846,575961
IC_B,27564,595913
IC_C,29286,615865
IC_F,45797,574245
IC_G,47514,594193
IC_H,49236,614141
IC_I,50961,634089
IC_K,65744,572529
IC_L,67461,592474
IC_M,69182,612418
IC_N,70906,632362
IC_Q,85687,570814
IC_R,87404,590756
IC_S,89124,610696
IC_V,105627,569100
IC_W,107343,589038
IC_X,109062,608974
ID_A,125563,567386
ID_B,127278,587320
ID_C,128997,607253
ID_F,145495,565673
ID_G,147210,585603
ID_H,148928,605533
ID_K,165423,563961
IF_K,-142458,489792
IF_L,-140753,509778
IF_M,-139044,529763
IF_Q,-122474,488089
IF_R,-120769,508071
IF_S,-119061,528053
IF_V,-102493,486387
IF_W,-100789,506365
IF_X,-99082,526343
IG_A,-82516,484686
IG_B,-80813,504660
IG_C,-79107,524634
IG_F,-62543,482985
IG_G,-60841,502956
IG_H,-59135,522926
IG_K,-42574,481285
IG_L,-40872,501252
IG_M,-39167,521218
IG_N,-37458,541184
IG_P,-35745,561149
IG_Q,-22608,479586
IG_R,-20908,499549
IG_S,-19203,519511
IG_T,-17495,539473
IG_U,-15783,559434
IG_V,-2647,477887
IG_W,-947,497847
IG_X,757,517805
IG_Y,2465,537763
IG_Z,4176,557721
IH_A,17311,476189
IH_B,19010,496145
IH_C,20714,516100
IH_D,22421,536054
IH_E,24131,556008
IH_F,37265,474492
IH_G,38964,494444
IH_H,40666,514395
IH_I,42373,534346
IH_J,44083,554295
IH_K,57215,472795
IH_L,58913,492743
IH_M,60615,512691
IH_N,62321,532638
IH_P,64031,552584
IH_Q,77161,471099
IH_R,78859,491044
IH_S,80560,510987
IH_T,82266,530930
IH_U,83975,550873
IH_V,97104,469404
IH_W,98801,489344
IH_X,100502,509284
IH_Y,102206,529223
IH_Z,103915,549162
IJ_A,117043,467709
IJ_B,118739,487646
IJ_C,120439,507582
IJ_D,122143,527517
IJ_E,123851,547452
IJ_F,136978,466015
IJ_G,138674,485948
IJ_H,140373,505880
IJ_I,142077,525812
IJ_J,143784,545743
IJ_K,156909,464321
IJ_L,158604,484250
IJ_M,160303,504179
IJ_N,162006,524106
IJ_P,163713,544034
IJ_R,178531,482553
IJ_S,180229,502478
IJ_T,181932,522402
IJ_U,183707,542393
IL_K,-150926,389851
IL_L,-149240,409840
IL_M,-147551,429830
IL_N,-145857,449818
IL_P,-144159,469805
IL_Q,-130938,388167
IL_R,-129253,408153
IL_S,-127564,428138
IL_T,-125871,448123
IL_U,-124174,468106
IL_V,-110954,386484
IL_W,-109269,406466
IL_X,-107581,426447
IL_Y,-105889,446428
IL_Z,-104193,466408
IM_A,-90973,384802
IM_B,-89290,404780
IM_C,-87602,424758
IM_D,-85910,444734
IM_E,-84215,464710
IM_F,-70997,383120
IM_G,-69314,403095
IM_H,-67627,423068
IM_I,-65936,443041
IM_J,-64241,463013
IM_K,-51024,381440
IM_L,-49342,401410
IM_M,-47655,421380
IM_N,-45965,441349
IM_P,-44272,461317
IM_Q,-31055,379760
IM_R,-29373,399726
IM_S,-27688,419692
IM_T,-25999,439657
IM_U,-24305,459622
IM_V,-11090,378080
IM_W,-9409,398043
IM_X,-7724,418005
IM_Y,-6036,437967
IM_Z,-4343,457927
IN_A,8871,376402
IN_B,10551,396361
IN_C,12235,416319
IN_D,13923,436276
IN_E,15615,456233
IN_F,28828,374724
IN_G,30508,394679
IN_H,32191,414633
IN_I,33879,434587
IN_J,35570,454540
IN_K,48781,373046
IN_L,50460,392998
IN_M,52143,412948
IN_N,53830,432898
IN_P,55521,452847
IN_Q,68731,371370
IN_R,70409,391317
IN_S,72092,411263
IN_T,73778,431209
IN_U,75468,451155
IN_V,88676,369694
IN_W,90354,389637
IN_X,92036,409580
IN_Y,93721,429522
IN_Z,95411,449463
IO_A,108618,368018
IO_B,110295,387957
IO_C,111976,407896
IO_D,113661,427834
IO_E,115350,447772
IO_F,128556,366343
IO_G,130232,386279
IO_H,131913,406214
IO_I,133597,426148
IO_J,135286,446082
IQ_A,-199294,293220
IQ_F,-179294,291554
IQ_G,-177627,311552
IQ_K,-159298,289890
IQ_L,-157632,309883
IQ_Q,-139306,288226
IQ_R,-137640,308215
IQ_S,-135971,328204
IQ_T,-134297,348193
IQ_U,-132620,368180
IQ_V,-119318,286562
IQ_W,-117653,306548
IQ_X,-115984,326533
IQ_Y,-114311,346518
IQ_Z,-112634,366501
IR_A,-99333,284900
IR_B,-97669,304882
IR_C,-96001,324863
IR_D,-94329,344843
IR_E,-92653,364823
IR_F,-79353,283238
IR_G,-77690,303216
IR_H,-76022,323193
IR_I,-74351,343170
IR_J,-72676,363145
IR_K,-59377,281577
IR_L,-57714,301551
IR_M,-56047,321524
IR_N,-54377,341497
IR_P,-52702,361469
IR_Q,-39404,279917
IR_R,-37742,299887
IR_S,-36076,319856
IR_T,-34407,339825
IR_U,-32733,359793
IR_V,-19436,278257
IR_W,-17775,298223
IR_X,-16109,318188
IR_Y,-14440,338153
IR_Z,-12767,358117
IS_A,528,276598
IS_B,2189,296560
IS_C,3854,316521
IS_D,5522,336482
IS_E,7195,356442
IS_F,20489,274940
IS_G,22149,294898
IS_H,23813,314855
IS_I,25481,334812
IS_J,27152,354768
IS_K,40445,273282
IS_L,42105,293236
IS_M,43768,313190
IS_N,45435,333143
IS_P,47106,353095
IS_Q,60398,271625
IS_R,62057,291575
IS_S,63719,311525
IS_T,65386,331474
IS_U,67056,351422
IS_V,80346,269969
IS_W,82004,289915
IS_X,83666,309860
IS_Y,85333,329805
IS_Z,87003,349750
IT_A,100291,268313
IT_B,101948,288255
IT_C,103610,308197
IT_D,105275,328138
IT_E,106945,348078
IT_F,120231,266657
IT_G,121888,286596
IT_H,123549,306533
IT_I,125214,326471
IT_J,126883,346407
IV_C,-204275,233210
IV_D,-202618,253214
IV_E,-200958,273218
IV_H,-184272,231556
IV_I,-182617,251557
IV_J,-180957,271556
IV_L,-165924,209907
IV_M,-164273,229903
IV_N,-162619,249900
IV_P,-160960,269895
IV_Q,-147574,188265
IV_R,-145928,208258
IV_S,-144279,228251
IV_T,-142625,248244
IV_U,-140967,268235
IV_V,-127582,186622
IV_W,-125937,206611
IV_X,-124288,226600
IV_Y,-122635,246588
IV_Z,-120978,266576
IW_A,-107594,184979
IW_B,-105950,204965
IW_C,-104302,224950
IW_D,-102650,244934
IW_E,-100993,264917
IW_F,-87610,183337
IW_G,-85967,203319
IW_H,-84319,223300
IW_I,-82668,243280
IW_J,-81012,263259
IW_L,-65987,201674
IW_M,-64341,221651
IW_N,-62690,241627
IW_P,-61035,261602
IW_R,-46012,200030
IW_S,-44366,220002
IW_T,-42716,239975
IW_U,-41062,259946
IW_X,-24396,218355
IW_Y,-22747,238323
IW_Z,-21093,258290
IX_C,-4430,216708
IX_D,-2781,236672
IX_E,-1128,256635
IX_I,17181,235022
IX_J,18833,254981
IX_N,37139,233372
IX_P,38790,253327
IX_U,58743,251674
IX_Z,78692,250022
