tenkm,area
HP40,12.89
HP50,56.03
HP51,12.41
HP60,36.23
HP61,42.39
HP62,0.01
HT93,9.65
HT94,3.51
HU06,0.03
HU14,1.51
HU15,23.94
HU16,7.26
HU24,43.78
HU25,79.99
HU26,3.24
HU27,27.23
HU28,29.65
HU30,1.26
HU31,37.48
HU32,26.6
HU33,19.8
HU34,49.03
HU35,90.43
HU36,66.25
HU37,78.05
HU38,67.63
HU39,18.79
HU40,1.43
HU41,9.04
HU42,33.83
HU43,47.6
HU44,68.31
HU45,76.81
HU46,80.7
HU47,48.22
HU48,52.62
HU49,43.78
HU53,8.21
HU54,12.76
HU55,1.45
HU56,25.6
HU57,8.23
HU58,37.45
HU59,50.79
HU66,1.17
HU67,2.73
HU68,8.22
HU69,27.15
HU77,0.05
HW62,0.005
HW63,0.12
HW73,0.005
HW83,1.25
HX51,0.02
HX62,0.17
HY10,8.45
HY20,49.91
HY21,78.35
HY22,63.46
HY23,0.14
HY30,54.35
HY31,91.3
HY32,84.62
HY33,16.14
HY34,0.8
HY35,0.06
HY40,55.07
HY41,43.2
HY42,30.47
HY43,20.42
HY44,43.48
HY45,12.12
HY50,56.9
HY51,18.74
HY52,9.42
HY53,30.45
HY54,5.13
HY55,2.26
HY60,0.99
HY61,1.07
HY62,38.32
HY63,21.47
HY64,26.27
HY73,1.69
HY74,18.56
HY75,9.54
HZ16,0.14
HZ17,0.41
HZ26,0.28
HZ27,7.26
IB60,0.25
IB61,18.98
IB70,55.76
IB71,72.06
IB72,18.33
IB73,0.35
IB80,98.53
IB81,100.31
IB82,98.92
IB83,35.09
IB84,3.51
IB90,100.29
IB91,100.29
IB92,100.29
IB93,53.18
IB94,1
IC00,100.27
IC01,100.27
IC02,100.27
IC03,72.08
IC04,8.18
IC10,100.26
IC11,100.13
IC12,98.43
IC13,78.52
IC14,34.99
IC20,100.24
IC21,80.6
IC22,74.96
IC23,74.22
IC24,35.33
IC30,100.22
IC31,99.73
IC32,78.04
IC33,78.98
IC34,88.34
IC35,3.47
IC40,100.2
IC41,97.89
IC42,89.25
IC43,100.19
IC44,93.09
IC45,68.18
IC46,0.61
IC50,100.18
IC51,100.18
IC52,29.37
IC53,58.82
IC54,93.91
IC55,16.87
IC60,100.16
IC61,100.16
IC62,81.44
IC63,40.52
IC64,47.95
IC70,100.14
IC71,100.14
IC72,100.14
IC73,61.13
IC80,100.12
IC81,100.12
IC82,100.12
IC83,91.69
IC84,3.82
IC90,100.1
IC91,100.1
IC92,100.1
IC93,100.1
IC94,38.38
ID00,100.09
ID01,100.08
ID02,100.08
ID03,100.08
ID04,42.66
ID05,0.84
ID10,100.07
ID11,100.07
ID12,100.06
ID13,100.06
ID14,25.79
ID15,11.29
ID20,100.05
ID21,97.4
ID22,73.84
ID23,53.98
ID24,4.39
ID30,89.46
ID31,25.76
ID32,0.82
ID40,17.51
ID41,0.07
IF41,0.05
IF50,23.59
IF51,1.37
IF52,4.34
IF60,68.48
IF61,9.59
IF62,30.43
IF63,46.57
IF64,0.98
IF70,56.45
IF71,56.46
IF72,66.58
IF73,58.11
IF74,3.33
IF80,96.32
IF81,100.25
IF82,100.27
IF83,92.74
IF84,40.96
IF90,100.5
IF91,100.5
IF92,100.5
IF93,100.5
IF94,25.3
IG00,100.48
IG01,100.48
IG02,100.48
IG03,100.24
IG04,13.06
IG10,100.46
IG11,100.46
IG12,100.46
IG13,94.82
IG14,11.09
IG20,100.44
IG21,100.33
IG22,87.88
IG23,14.01
IG30,100.43
IG31,100.42
IG32,100.42
IG33,82.58
IG40,100.41
IG41,100.4
IG42,100.4
IG43,56.53
IG47,0.69
IG48,4.88
IG50,100.39
IG51,100.38
IG52,100.38
IG53,53.04
IG54,13.4
IG55,0.95
IG57,31.06
IG58,85.38
IG59,6.14
IG60,100.37
IG61,100.37
IG62,98.94
IG63,66.39
IG64,78.27
IG65,15.82
IG67,53.04
IG68,100.31
IG69,39.95
IG70,100.35
IG71,100.35
IG72,100.34
IG73,100.34
IG74,100.34
IG75,75.76
IG76,1.07
IG77,51.41
IG78,100.06
IG79,88.99
IG80,100.33
IG81,100.33
IG82,100.33
IG83,100.32
IG84,100.32
IG85,98.2
IG86,53.23
IG87,49.84
IG88,100.32
IG89,100.23
IG90,100.31
IG91,100.31
IG92,100.31
IG93,100.3
IG94,100.3
IG95,100.3
IG96,100.3
IG97,92.49
IG98,100.3
IG99,100.29
IH00,100.29
IH01,100.29
IH02,100.29
IH03,100.29
IH04,100.28
IH05,100.28
IH06,100.28
IH07,100.28
IH08,100.28
IH09,100.28
IH10,100.27
IH11,100.27
IH12,100.27
IH13,100.27
IH14,100.26
IH15,100.26
IH16,100.26
IH17,100.26
IH18,100.26
IH19,100.26
IH20,100.25
IH21,100.25
IH22,100.25
IH23,100.25
IH24,100.25
IH25,100.24
IH26,100.24
IH27,100.24
IH28,100.24
IH29,100.24
IH30,100.23
IH31,100.23
IH32,100.23
IH33,100.23
IH34,100.23
IH35,100.22
IH36,100.22
IH37,100.22
IH38,100.22
IH39,100.22
IH40,100.21
IH41,100.21
IH42,100.21
IH43,100.21
IH44,100.21
IH45,100.21
IH46,100.2
IH47,100.2
IH48,100.2
IH49,100.2
IH50,100.19
IH51,100.19
IH52,100.19
IH53,100.19
IH54,100.19
IH55,100.19
IH56,100.19
IH57,100.18
IH58,100.18
IH59,100.18
IH60,100.17
IH61,100.17
IH62,100.17
IH63,100.17
IH64,100.17
IH65,100.17
IH66,100.17
IH67,100.16
IH68,100.16
IH69,100.16
IH70,100.16
IH71,100.15
IH72,100.15
IH73,100.15
IH74,100.15
IH75,100.15
IH76,100.15
IH77,100.15
IH78,100.14
IH79,100.14
IH80,100.14
IH81,100.13
IH82,100.13
IH83,100.13
IH84,100.13
IH85,100.13
IH86,100.13
IH87,100.13
IH88,100.13
IH89,100.12
IH90,100.12
IH91,100.12
IH92,100.11
IH93,100.11
IH94,100.11
IH95,100.11
IH96,100.11
IH97,100.11
IH98,100.11
IH99,100.11
IJ00,77.93
IJ01,99.98
IJ02,100.09
IJ03,100.09
IJ04,100.09
IJ05,100.09
IJ06,100.09
IJ07,100.09
IJ08,100.09
IJ09,100.09
IJ10,37.79
IJ11,79.53
IJ12,100.08
IJ13,100.07
IJ14,100.07
IJ15,100.07
IJ16,100.07
IJ17,100.07
IJ18,100.07
IJ19,100.07
IJ20,16.51
IJ21,74.14
IJ22,100.06
IJ23,100.06
IJ24,100.05
IJ25,100.05
IJ26,100.05
IJ27,100.05
IJ28,100.05
IJ29,100.05
IJ31,33.71
IJ32,86.65
IJ33,95.17
IJ34,100.04
IJ35,100.03
IJ36,100.03
IJ37,90.31
IJ38,81.77
IJ39,100.03
IJ43,45.09
IJ44,100.02
IJ45,100.02
IJ46,96.88
IJ47,98.06
IJ48,32.69
IJ49,76.17
IJ53,34.04
IJ54,94.17
IJ55,49.02
IJ56,31.64
IJ57,93.03
IJ58,25.86
IJ64,13.25
IJ65,49.85
IJ66,47.65
IJ67,12.18
IJ68,0.23
IL45,0.03
IL46,2.52
IL54,15.58
IL55,21.72
IL56,11.52
IL57,1.89
IL59,0.01
IL63,8.11
IL64,76.61
IL65,84.68
IL66,19.73
IL67,4.89
IL68,13.08
IL69,13.69
IL71,3.94
IL72,3.11
IL73,47.6
IL74,89.23
IL75,100.34
IL76,61.01
IL77,58.73
IL78,11.3
IL79,65.66
IL80,15.19
IL81,11.49
IL82,40.33
IL83,74.11
IL84,99.57
IL85,100.53
IL86,94.09
IL87,100.53
IL88,23.98
IL89,45.77
IL90,16.44
IL92,61.74
IL93,78.6
IL94,100.52
IL95,100.51
IL96,100.51
IL97,100.51
IL98,67.8
IL99,70.92
IM00,5.29
IM02,87.42
IM03,100.5
IM04,100.5
IM05,100.49
IM06,100.49
IM07,100.49
IM08,100.49
IM09,100.49
IM10,83.91
IM11,7.49
IM12,78.1
IM13,100.48
IM14,100.48
IM15,100.47
IM16,100.47
IM17,100.47
IM18,100.47
IM19,100.47
IM20,94.84
IM21,12.24
IM22,69.22
IM23,100.46
IM24,100.46
IM25,100.45
IM26,100.45
IM27,100.45
IM28,100.45
IM29,100.45
IM30,100.44
IM31,56.24
IM32,74.4
IM33,100.44
IM34,100.44
IM35,100.43
IM36,100.43
IM37,100.43
IM38,100.43
IM39,100.43
IM40,100.42
IM41,100.02
IM42,100.41
IM43,100.42
IM44,100.42
IM45,100.42
IM46,100.41
IM47,100.41
IM48,100.41
IM49,100.41
IM50,100.41
IM51,100.4
IM52,100.4
IM53,100.4
IM54,100.4
IM55,100.4
IM56,100.39
IM57,100.39
IM58,100.39
IM59,100.39
IM60,100.39
IM61,100.38
IM62,100.38
IM63,100.38
IM64,100.38
IM65,100.38
IM66,100.37
IM67,100.37
IM68,100.37
IM69,100.37
IM70,100.37
IM71,100.36
IM72,100.36
IM73,100.36
IM74,100.36
IM75,100.36
IM76,100.36
IM77,100.35
IM78,100.35
IM79,100.35
IM80,100.35
IM81,100.34
IM82,100.34
IM83,100.34
IM84,100.34
IM85,100.34
IM86,100.34
IM87,100.33
IM88,100.33
IM89,100.33
IM90,100.33
IM91,100.32
IM92,100.32
IM93,100.32
IM94,100.32
IM95,100.32
IM96,100.32
IM97,100.31
IM98,100.31
IM99,100.31
IN00,100.31
IN01,100.3
IN02,100.3
IN03,100.3
IN04,100.3
IN05,100.3
IN06,100.3
IN07,100.3
IN08,100.29
IN09,100.29
IN10,100.29
IN11,100.29
IN12,100.28
IN13,100.28
IN14,100.28
IN15,100.28
IN16,100.28
IN17,100.28
IN18,100.27
IN19,100.27
IN20,100.27
IN21,100.27
IN22,100.26
IN23,100.26
IN24,100.26
IN25,100.26
IN26,100.26
IN27,100.26
IN28,100.25
IN29,100.25
IN30,100.25
IN31,100.25
IN32,100.24
IN33,100.24
IN34,100.24
IN35,100.24
IN36,100.24
IN37,100.24
IN38,100.24
IN39,100.23
IN40,100.23
IN41,100.23
IN42,100.22
IN43,100.22
IN44,100.22
IN45,100.22
IN46,100.22
IN47,100.22
IN48,100.22
IN49,100.21
IN50,100.21
IN51,100.21
IN52,100.21
IN53,100.2
IN54,100.2
IN55,100.2
IN56,100.2
IN57,100.2
IN58,100.2
IN59,100.2
IN60,100.19
IN61,100.19
IN62,100.19
IN63,100.18
IN64,100.18
IN65,100.18
IN66,100.18
IN67,100.18
IN68,100.18
IN69,100.18
IN70,100.17
IN71,100.17
IN72,100.17
IN73,100.16
IN74,100.16
IN75,100.16
IN76,100.16
IN77,100.16
IN78,100.16
IN79,100.16
IN80,100.15
IN81,100.15
IN82,100.15
IN83,100.14
IN84,100.14
IN85,100.14
IN86,100.14
IN87,100.14
IN88,100.14
IN89,100.14
IN90,100.13
IN91,100.13
IN92,100.13
IN93,100.13
IN94,100.12
IN95,100.12
IN96,100.12
IN97,100.12
IN98,100.12
IN99,100.12
IO00,100.11
IO01,100.11
IO02,100.11
IO03,100.11
IO04,100.1
IO05,100.1
IO06,100.1
IO07,100.1
IO08,100.1
IO09,83.3
IO10,100.09
IO11,100.09
IO12,100.09
IO13,97.1
IO14,99.88
IO15,100.08
IO16,90.97
IO17,59.57
IO18,55.37
IO19,14.94
IO20,100.07
IO21,87.28
IO22,58.16
IO23,27.97
IO24,41.53
IO25,61.9
IO26,11.27
IO30,14.28
IO31,0.93
IO33,0.16
IO34,0.27
IO35,2.19
IO36,0.01
IQ20,1.03
IQ30,63.54
IQ31,3.33
IQ40,98.3
IQ41,44.55
IQ50,100.55
IQ51,38.88
IQ52,0.06
IQ60,92.47
IQ61,29.76
IQ62,1.73
IQ63,5.21
IQ64,0.92
IQ70,84.05
IQ71,50.51
IQ72,58.04
IQ73,32.12
IQ74,22.05
IQ75,14.61
IQ80,100.16
IQ81,99.37
IQ82,100.56
IQ83,80.54
IQ84,42.08
IQ85,81.32
IQ86,5.57
IQ90,100.54
IQ91,100.54
IQ92,100.54
IQ93,100.12
IQ94,100.54
IQ95,100.53
IQ96,72.74
IQ97,1.64
IR00,100.52
IR01,100.52
IR02,100.52
IR03,100.52
IR04,100.52
IR05,100.51
IR06,100.51
IR07,85.47
IR08,46.07
IR09,49.13
IR10,100.5
IR11,100.5
IR12,100.5
IR13,100.5
IR14,100.5
IR15,100.49
IR16,100.49
IR17,100.49
IR18,100.49
IR19,100.49
IR20,100.48
IR21,100.48
IR22,100.48
IR23,100.48
IR24,100.48
IR25,100.47
IR26,100.47
IR27,100.47
IR28,100.47
IR29,100.47
IR30,100.46
IR31,100.46
IR32,100.46
IR33,100.46
IR34,100.46
IR35,100.45
IR36,100.45
IR37,100.45
IR38,100.45
IR39,100.45
IR40,100.44
IR41,100.44
IR42,100.44
IR43,100.44
IR44,100.44
IR45,100.43
IR46,100.43
IR47,100.43
IR48,100.43
IR49,100.43
IR50,100.42
IR51,100.42
IR52,100.42
IR53,100.42
IR54,100.42
IR55,100.41
IR56,100.41
IR57,100.41
IR58,100.41
IR59,100.41
IR60,100.4
IR61,100.4
IR62,100.4
IR63,100.4
IR64,100.4
IR65,100.39
IR66,100.39
IR67,100.39
IR68,100.39
IR69,100.39
IR70,100.38
IR71,100.38
IR72,100.38
IR73,100.38
IR74,100.38
IR75,100.37
IR76,100.37
IR77,100.37
IR78,100.37
IR79,100.37
IR80,100.36
IR81,100.36
IR82,100.36
IR83,100.36
IR84,100.36
IR85,100.35
IR86,100.35
IR87,100.35
IR88,100.35
IR89,100.35
IR90,100.34
IR91,100.34
IR92,100.34
IR93,100.34
IR94,100.34
IR95,100.33
IR96,100.33
IR97,100.33
IR98,100.33
IR99,100.33
IS00,100.32
IS01,100.32
IS02,100.32
IS03,100.32
IS04,100.32
IS05,100.31
IS06,100.31
IS07,100.31
IS08,100.31
IS09,100.31
IS10,100.3
IS11,100.3
IS12,100.3
IS13,100.3
IS14,100.3
IS15,100.29
IS16,100.29
IS17,100.29
IS18,100.29
IS19,100.29
IS20,100.28
IS21,100.28
IS22,100.28
IS23,100.28
IS24,100.28
IS25,100.27
IS26,100.27
IS27,100.27
IS28,100.27
IS29,100.27
IS30,100.26
IS31,100.26
IS32,100.26
IS33,100.26
IS34,100.26
IS35,100.26
IS36,100.25
IS37,100.25
IS38,100.25
IS39,100.25
IS40,100.24
IS41,99.2
IS42,99.94
IS43,100.24
IS44,100.24
IS45,100.24
IS46,100.23
IS47,100.23
IS48,100.23
IS49,100.23
IS50,97.07
IS51,98.33
IS52,100.22
IS53,100.22
IS54,100.22
IS55,100.22
IS56,100.21
IS57,100.21
IS58,100.21
IS59,100.21
IS60,93.03
IS61,90.03
IS62,99.33
IS63,100.2
IS64,100.2
IS65,100.2
IS66,100.19
IS67,100.19
IS68,100.19
IS69,100.19
IS70,49.13
IS71,98.9
IS72,99.39
IS73,99.86
IS74,100.18
IS75,100.18
IS76,100.17
IS77,100.17
IS78,100.17
IS79,100.17
IS80,21.54
IS81,96.81
IS82,100.16
IS83,100.16
IS84,100.16
IS85,100.16
IS86,100.15
IS87,100.15
IS88,100.15
IS89,100.15
IS90,46.48
IS91,100.14
IS92,100.14
IS93,100.14
IS94,100.14
IS95,100.14
IS96,100.13
IS97,100.13
IS98,100.13
IS99,100.13
IT00,45.01
IT01,91.63
IT02,78.31
IT03,100.12
IT04,100.12
IT05,100.12
IT06,100.11
IT07,100.11
IT08,100.11
IT09,100.11
IT10,19.79
IT11,13.37
IT12,11.49
IT13,54.87
IT14,98.45
IT15,100.09
IT16,100.09
IT17,100.09
IT18,100.09
IT19,100.09
IT24,12.56
IT25,6.82
IT26,41.48
IT27,66.56
IT28,100.07
IT29,100.07
IT37,0.06
IT38,17.88
IT39,21.38
IV19,0.05
IV26,0.3
IV28,0.05
IV29,6.38
IV36,16.57
IV37,35.46
IV39,19.01
IV43,1.51
IV44,4.33
IV45,2.75
IV46,43.12
IV47,82.77
IV48,32.03
IV49,14.01
IV53,1.45
IV54,41.54
IV55,15.89
IV56,100.28
IV57,100.63
IV58,82.89
IV59,12.8
IV63,0.01
IV64,75.87
IV65,43.24
IV66,81.48
IV67,100.61
IV68,99.15
IV69,27.28
IV72,32.24
IV73,23.3
IV74,45.38
IV75,88.25
IV76,63.87
IV77,100.59
IV78,100.59
IV79,87.06
IV82,17.22
IV83,62.03
IV84,35.84
IV85,100.31
IV86,81.75
IV87,100.51
IV88,100.57
IV89,100.57
IV91,0.13
IV92,12.3
IV93,91.62
IV94,68.42
IV95,71.29
IV96,100.08
IV97,99.19
IV98,100.55
IV99,100.55
IW02,34.06
IW03,88.22
IW04,100.48
IW05,100.34
IW06,100.53
IW07,100.53
IW08,100.53
IW09,100.53
IW12,19.2
IW13,98.76
IW14,100.52
IW15,100.51
IW16,100.51
IW17,100.51
IW18,100.51
IW19,100.51
IW23,65.71
IW24,100.5
IW25,100.49
IW26,100.49
IW27,100.49
IW28,100.49
IW29,100.49
IW33,58.26
IW34,99.83
IW35,100.47
IW36,100.47
IW37,100.47
IW38,100.47
IW39,100.47
IW43,24.97
IW44,100.19
IW45,100.45
IW46,100.45
IW47,100.45
IW48,100.45
IW49,100.45
IW53,7.35
IW54,72.16
IW55,98.13
IW56,100.43
IW57,100.05
IW58,100.43
IW59,100.43
IW63,0.61
IW64,35.06
IW65,99.1
IW66,100.41
IW67,99.54
IW68,100.41
IW69,100.41
IW74,0.97
IW75,78.22
IW76,85.75
IW77,90.04
IW78,100.39
IW79,100.39
IW85,1.45
IW86,70.97
IW87,94.64
IW88,100.37
IW89,100.37
IW96,75.41
IW97,100.35
IW98,100.35
IW99,100.34
IX06,11.71
IX07,87.75
IX08,100.33
IX09,100.32
IX16,0.03
IX17,31.46
IX18,100.31
IX19,100.3
IX27,0.27
IX28,81.35
IX29,84.71
IX38,1.69
IX39,46.71
IX49,16.2
IX59,11.71
IX69,10.25
IX79,3.05
IX99,1.25
NA00,2.8
NA10,1.3
NA64,0.15
NA74,0.41
NA81,0.28
NA90,1.48
NA91,14.91
NA92,12.33
NA93,0.12
NB00,48.41
NB01,84.49
NB02,98.96
NB03,61.92
NB10,90.64
NB11,98.88
NB12,98.07
NB13,61.26
NB14,12.95
NB20,75.21
NB21,94.06
NB22,99.62
NB23,95.05
NB24,77.75
NB25,0.01
NB30,47.77
NB31,91.7
NB32,88.95
NB33,100
NB34,99.63
NB35,28.53
NB40,0.25
NB41,19.54
NB42,19.41
NB43,66.96
NB44,99.02
NB45,93.84
NB46,9.86
NB52,1.66
NB53,30.13
NB54,29.55
NB55,54.04
NB56,26.12
NB90,7.76
NB91,22.92
NC00,53.25
NC01,63.65
NC02,48.15
NC03,31.71
NC10,98.88
NC11,100
NC12,100
NC13,57.3
NC14,51.57
NC15,9.92
NC16,6.4
NC20,100
NC21,100
NC22,99.55
NC23,90.14
NC24,96.83
NC25,93.49
NC26,83.41
NC27,19.57
NC30,100
NC31,100
NC32,100
NC33,100
NC34,100
NC35,99.69
NC36,94.1
NC37,17.43
NC40,100
NC41,100
NC42,100
NC43,100
NC44,100
NC45,89.08
NC46,52.41
NC50,100
NC51,100
NC52,100
NC53,100
NC54,100
NC55,97.13
NC56,67.81
NC60,100
NC61,100
NC62,100
NC63,100
NC64,100
NC65,99.99
NC66,30.79
NC70,100
NC71,100
NC72,100
NC73,100
NC74,100
NC75,100
NC76,48.76
NC80,92.64
NC81,100
NC82,100
NC83,100
NC84,100
NC85,100
NC86,68.16
NC90,17.13
NC91,96.09
NC92,100
NC93,100
NC94,100
NC95,100
NC96,63.99
ND01,34.79
ND02,99.81
ND03,100
ND04,100
ND05,100
ND06,99.09
ND07,8.75
ND12,37.09
ND13,96.12
ND14,100
ND15,100
ND16,95.03
ND17,8.04
ND19,2.75
ND23,53.28
ND24,100
ND25,100
ND26,98.36
ND27,45.66
ND28,6.58
ND29,79.81
ND33,2.42
ND34,54.57
ND35,63.09
ND36,76.18
ND37,41.47
ND38,6.96
ND39,28.34
ND47,1.16
ND48,24.24
ND49,41.15
ND59,1.6
NF09,3.25
NF19,1.34
NF56,0.34
NF58,0.07
NF60,29.94
NF61,0.11
NF66,5.98
NF67,1.51
NF68,0.16
NF70,26.76
NF71,42.13
NF72,74.11
NF73,61.49
NF74,45.7
NF75,30.28
NF76,56.07
NF77,57.66
NF80,0.1
NF81,19.52
NF82,24.57
NF83,52.79
NF84,53.73
NF85,77.79
NF86,96.02
NF87,75.17
NF88,11.23
NF89,0.58
NF95,6.32
NF96,32.21
NF97,41.75
NF98,20.24
NF99,14.66
NG07,1.02
NG08,52.33
NG09,74.35
NG13,1.12
NG14,49.22
NG15,25.29
NG18,3.21
NG19,70.25
NG20,14.59
NG23,16.3
NG24,87.09
NG25,61.73
NG26,25.04
NG29,16.13
NG30,31.74
NG31,3.95
NG32,60.06
NG33,78.04
NG34,98
NG35,63.96
NG36,26.31
NG37,6.71
NG38,0.46
NG39,0.05
NG40,4.95
NG41,36.58
NG42,99.74
NG43,99.82
NG44,97.79
NG45,98.09
NG46,96.31
NG47,36.15
NG49,2.01
NG50,33.94
NG51,43.96
NG52,92.83
NG53,62.62
NG54,45.13
NG55,23.92
NG56,12.35
NG60,47.15
NG61,89.84
NG62,63.63
NG63,12.4
NG64,9.32
NG65,22.23
NG66,2.35
NG70,74
NG71,47.91
NG72,67.89
NG73,47.52
NG74,96.52
NG75,83.22
NG76,48.51
NG77,41.58
NG78,62.48
NG79,14.92
NG80,86.05
NG81,92.8
NG82,79.62
NG83,75.8
NG84,99.8
NG85,78.57
NG86,100
NG87,97.82
NG88,69.72
NG89,47.92
NG90,97.65
NG91,99.05
NG92,93.13
NG93,95.5
NG94,99.09
NG95,100
NG96,100
NG97,100
NG98,99.99
NG99,34.03
NH00,100
NH01,100
NH02,100
NH03,100
NH04,100
NH05,100
NH06,100
NH07,100
NH08,97.75
NH09,53.25
NH10,100
NH11,100
NH12,100
NH13,100
NH14,100
NH15,100
NH16,100
NH17,100
NH18,95.85
NH19,87.49
NH20,100
NH21,100
NH22,100
NH23,100
NH24,100
NH25,100
NH26,100
NH27,100
NH28,100
NH29,100
NH30,100
NH31,100
NH32,100
NH33,100
NH34,100
NH35,100
NH36,100
NH37,100
NH38,100
NH39,100
NH40,100
NH41,100
NH42,100
NH43,100
NH44,100
NH45,100
NH46,100
NH47,100
NH48,100
NH49,100
NH50,100
NH51,100
NH52,100
NH53,100
NH54,96.02
NH55,98.14
NH56,95.96
NH57,100
NH58,100
NH59,98.32
NH60,100
NH61,100
NH62,100
NH63,100
NH64,81.24
NH65,95.55
NH66,81.6
NH67,100
NH68,92.96
NH69,98.83
NH70,100
NH71,100
NH72,100
NH73,100
NH74,97.07
NH75,51.52
NH76,57.02
NH77,93.14
NH78,83.41
NH79,97.88
NH80,100
NH81,100
NH82,100
NH83,100
NH84,100
NH85,74.47
NH86,5.26
NH87,66.36
NH88,55.78
NH89,19.18
NH90,100
NH91,100
NH92,100
NH93,100
NH94,100
NH95,98.77
NH96,23.16
NH97,0.15
NH98,16.08
NJ00,100
NJ01,100
NJ02,100
NJ03,100
NJ04,100
NJ05,100
NJ06,49.63
NJ10,100
NJ11,100
NJ12,100
NJ13,100
NJ14,100
NJ15,100
NJ16,94.57
NJ17,4.04
NJ20,100
NJ21,100
NJ22,100
NJ23,100
NJ24,100
NJ25,100
NJ26,92.3
NJ27,5.51
NJ30,100
NJ31,100
NJ32,100
NJ33,100
NJ34,100
NJ35,100
NJ36,54.68
NJ40,100
NJ41,100
NJ42,100
NJ43,100
NJ44,100
NJ45,100
NJ46,71.82
NJ50,100
NJ51,100
NJ52,100
NJ53,100
NJ54,100
NJ55,100
NJ56,71
NJ60,100
NJ61,100
NJ62,100
NJ63,100
NJ64,100
NJ65,100
NJ66,55.58
NJ70,100
NJ71,100
NJ72,100
NJ73,100
NJ74,100
NJ75,100
NJ76,47.61
NJ80,100
NJ81,100
NJ82,100
NJ83,100
NJ84,100
NJ85,100
NJ86,58.64
NJ90,60.14
NJ91,71.45
NJ92,98.55
NJ93,99.9
NJ94,100
NJ95,100
NJ96,73.25
NK02,18.39
NK03,86.51
NK04,100
NK05,98.39
NK06,33.83
NK13,4.71
NK14,28.08
NK15,8.94
NL57,0.82
NL58,9.42
NL68,2
NL69,34.72
NL79,0.79
NL93,3.96
NL94,48.42
NM04,35.13
NM05,0.91
NM15,37.14
NM16,0.42
NM19,0.44
NM21,1.77
NM22,11.54
NM23,0.45
NM24,1.48
NM25,22.19
NM26,22.53
NM29,0.47
NM31,23.16
NM32,45.95
NM33,5.07
NM34,36.81
NM35,20.33
NM37,0.79
NM38,0.56
NM39,59.93
NM40,1.31
NM41,12.83
NM42,74.58
NM43,52.9
NM44,88.04
NM45,75.67
NM46,53.73
NM47,8.83
NM48,31.31
NM49,14.99
NM51,1.59
NM52,78.66
NM53,91.57
NM54,76.55
NM55,57.32
NM56,81.79
NM57,13.82
NM59,1.18
NM60,10.71
NM61,3.08
NM62,76.94
NM63,97.7
NM64,68.88
NM65,91.72
NM66,88.74
NM67,50.93
NM68,46.28
NM69,27.22
NM70,36.57
NM71,42.08
NM72,17.61
NM73,35.4
NM74,81.59
NM75,99.48
NM76,89.21
NM77,96.78
NM78,92.84
NM79,72.75
NM80,95.57
NM81,94.07
NM82,87.42
NM83,33.71
NM84,34.97
NM85,83.57
NM86,98.13
NM87,100
NM88,100
NM89,95.53
NM90,100
NM91,100
NM92,100
NM93,88.82
NM94,81.17
NM95,44.54
NM96,92.76
NM97,97.56
NM98,100
NM99,100
NN00,83.28
NN01,100
NN02,100
NN03,86.3
NN04,97.98
NN05,91.23
NN06,76.68
NN07,84.96
NN08,100
NN09,100
NN10,88.5
NN11,97.34
NN12,100
NN13,100
NN14,98.28
NN15,99.99
NN16,97.08
NN17,99.5
NN18,100
NN19,100
NN20,95.94
NN21,100
NN22,100
NN23,100
NN24,100
NN25,100
NN26,100
NN27,100
NN28,100
NN29,100
NN30,100
NN31,100
NN32,100
NN33,100
NN34,100
NN35,100
NN36,100
NN37,100
NN38,100
NN39,100
NN40,100
NN41,100
NN42,100
NN43,100
NN44,100
NN45,100
NN46,100
NN47,100
NN48,100
NN49,100
NN50,100
NN51,100
NN52,100
NN53,100
NN54,100
NN55,100
NN56,100
NN57,100
NN58,100
NN59,100
NN60,100
NN61,100
NN62,100
NN63,100
NN64,100
NN65,100
NN66,100
NN67,100
NN68,100
NN69,100
NN70,100
NN71,100
NN72,100
NN73,100
NN74,100
NN75,100
NN76,100
NN77,100
NN78,100
NN79,100
NN80,100
NN81,100
NN82,100
NN83,100
NN84,100
NN85,100
NN86,100
NN87,100
NN88,100
NN89,100
NN90,100
NN91,100
NN92,100
NN93,100
NN94,100
NN95,100
NN96,100
NN97,100
NN98,100
NN99,100
NO00,100
NO01,100
NO02,100
NO03,100
NO04,100
NO05,100
NO06,100
NO07,100
NO08,100
NO09,100
NO10,100
NO11,99.03
NO12,98.85
NO13,100
NO14,100
NO15,100
NO16,100
NO17,100
NO18,100
NO19,100
NO20,100
NO21,94.24
NO22,94.68
NO23,100
NO24,100
NO25,100
NO26,100
NO27,100
NO28,100
NO29,100
NO30,98.39
NO31,100
NO32,74.38
NO33,100
NO34,100
NO35,100
NO36,100
NO37,100
NO38,100
NO39,100
NO40,89.03
NO41,99.55
NO42,87.02
NO43,92.8
NO44,100
NO45,100
NO46,100
NO47,100
NO48,100
NO49,100
NO50,74.74
NO51,56.86
NO52,8.48
NO53,74.08
NO54,100
NO55,100
NO56,100
NO57,100
NO58,100
NO59,100
NO60,9.69
NO61,5.1
NO63,5.88
NO64,83.22
NO65,98.14
NO66,100
NO67,100
NO68,100
NO69,100
NO74,0.84
NO75,18.78
NO76,69.43
NO77,100
NO78,100
NO79,100
NO86,4.4
NO87,56.07
NO88,84.25
NO89,99.96
NO99,26.15
NR15,23.18
NR16,2.08
NR24,16.84
NR25,35.53
NR26,85.94
NR27,23.87
NR33,0.005
NR34,62.75
NR35,94.01
NR36,94.49
NR37,57.57
NR38,9.86
NR39,34.57
NR44,19.09
NR45,65.15
NR46,72.53
NR47,69.44
NR48,0.17
NR49,9.17
NR50,3.6
NR51,5.28
NR56,20.52
NR57,78.29
NR58,75.61
NR59,11.91
NR60,31.18
NR61,97.4
NR62,50
NR63,37.88
NR64,21.36
NR65,6.45
NR67,4.59
NR68,34.8
NR69,65.07
NR70,10.43
NR71,62.12
NR72,66.31
NR73,97.78
NR74,100
NR75,61.7
NR76,87.06
NR77,81.27
NR78,71.94
NR79,30.06
NR82,3.1
NR83,22.68
NR84,42.75
NR85,67.15
NR86,86.85
NR87,62.42
NR88,76.34
NR89,99.92
NR92,86.13
NR93,100
NR94,98.25
NR95,16.35
NR96,33.38
NR97,81.93
NR98,76.01
NR99,82.19
NS00,0.25
NS01,0.19
NS02,45.85
NS03,34.9
NS04,18.18
NS05,27.09
NS06,65.72
NS07,75.43
NS08,97.93
NS09,89.59
NS10,2.94
NS14,5.08
NS15,32.73
NS16,22.54
NS17,70.37
NS18,90.13
NS19,97.21
NS20,96.58
NS21,44.41
NS22,0.06
NS23,2.36
NS24,83.14
NS25,97.07
NS26,99.98
NS27,69.11
NS28,65.65
NS29,84.83
NS30,100
NS31,99.06
NS32,65.89
NS33,86.86
NS34,100
NS35,100
NS36,100
NS37,83.74
NS38,98.25
NS39,100
NS40,100
NS41,100
NS42,100
NS43,100
NS44,100
NS45,100
NS46,100
NS47,98.32
NS48,100
NS49,100
NS50,100
NS51,100
NS52,100
NS53,100
NS54,100
NS55,100
NS56,100
NS57,100
NS58,100
NS59,100
NS60,100
NS61,100
NS62,100
NS63,100
NS64,100
NS65,100
NS66,100
NS67,100
NS68,100
NS69,100
NS70,100
NS71,100
NS72,100
NS73,100
NS74,100
NS75,100
NS76,100
NS77,100
NS78,100
NS79,100
NS80,100
NS81,100
NS82,100
NS83,100
NS84,100
NS85,100
NS86,100
NS87,100
NS88,99.48
NS89,95.6
NS90,100
NS91,100
NS92,100
NS93,100
NS94,100
NS95,100
NS96,100
NS97,100
NS98,83.83
NS99,100
NT00,100
NT01,100
NT02,100
NT03,100
NT04,100
NT05,100
NT06,100
NT07,99.13
NT08,72.52
NT09,100
NT10,100
NT11,100
NT12,100
NT13,100
NT14,100
NT15,100
NT16,100
NT17,90.96
NT18,75.57
NT19,100
NT20,100
NT21,100
NT22,100
NT23,100
NT24,100
NT25,100
NT26,100
NT27,71.64
NT28,34.05
NT29,96.26
NT30,100
NT31,100
NT32,100
NT33,100
NT34,100
NT35,100
NT36,100
NT37,41.58
NT39,30.56
NT40,100
NT41,100
NT42,100
NT43,100
NT44,100
NT45,100
NT46,100
NT47,86.17
NT48,21.23
NT49,1.83
NT50,100
NT51,100
NT52,100
NT53,100
NT54,100
NT55,100
NT56,100
NT57,100
NT58,57.58
NT59,0.19
NT60,100
NT61,100
NT62,100
NT63,100
NT64,100
NT65,100
NT66,100
NT67,95.81
NT68,13.83
NT69,0.62
NT70,100
NT71,100
NT72,100
NT73,100
NT74,100
NT75,100
NT76,100
NT77,48.68
NT80,100
NT81,100
NT82,100
NT83,100
NT84,100
NT85,100
NT86,99.04
NT87,5.62
NT90,100
NT91,100
NT92,100
NT93,100
NT94,100
NT95,89.86
NT96,37.66
NU00,100
NU01,100
NU02,100
NU03,100
NU04,72.74
NU05,4.39
NU10,100
NU11,100
NU12,100
NU13,77.46
NU14,12.17
NU20,70.76
NU21,63.6
NU22,44.79
NU23,8.54
NW95,11.01
NW96,37.65
NW97,7.61
NX03,6.19
NX04,31.96
NX05,92.94
NX06,71.7
NX07,57.61
NX08,12.23
NX09,0.76
NX13,36.07
NX14,15.68
NX15,70.13
NX16,100
NX17,100
NX18,96.62
NX19,36.96
NX23,0.01
NX24,5.59
NX25,88.46
NX26,100
NX27,100
NX28,100
NX29,100
NX30,7.7
NX33,7.85
NX34,76.77
NX35,100
NX36,100
NX37,100
NX38,100
NX39,100
NX40,27.27
NX43,39.83
NX44,86.25
NX45,87.69
NX46,99.16
NX47,100
NX48,100
NX49,100
NX54,5.39
NX55,87.85
NX56,100
NX57,100
NX58,100
NX59,100
NX64,52.99
NX65,99.66
NX66,100
NX67,100
NX68,100
NX69,100
NX74,51.38
NX75,100
NX76,100
NX77,100
NX78,100
NX79,100
NX84,5.03
NX85,87.45
NX86,100
NX87,100
NX88,100
NX89,100
NX90,7.61
NX91,42.92
NX92,18.49
NX93,1.43
NX95,72.77
NX96,95.8
NX97,99.76
NX98,100
NX99,100
NY00,90.25
NY01,100
NY02,100
NY03,79.17
NY04,31.15
NY05,20.81
NY06,91.56
NY07,100
NY08,100
NY09,100
NY10,100
NY11,100
NY12,100
NY13,100
NY14,100
NY15,82.46
NY16,75.13
NY17,100
NY18,100
NY19,100
NY20,100
NY21,100
NY22,100
NY23,100
NY24,100
NY25,99.74
NY26,89.98
NY27,100
NY28,100
NY29,100
NY30,100
NY31,100
NY32,100
NY33,100
NY34,100
NY35,100
NY36,97.69
NY37,100
NY38,100
NY39,100
NY40,100
NY41,100
NY42,100
NY43,100
NY44,100
NY45,100
NY46,100
NY47,100
NY48,100
NY49,100
NY50,100
NY51,100
NY52,100
NY53,100
NY54,100
NY55,100
NY56,100
NY57,100
NY58,100
NY59,100
NY60,100
NY61,100
NY62,100
NY63,100
NY64,100
NY65,100
NY66,100
NY67,100
NY68,100
NY69,100
NY70,100
NY71,100
NY72,100
NY73,100
NY74,100
NY75,100
NY76,100
NY77,100
NY78,100
NY79,100
NY80,100
NY81,100
NY82,100
NY83,100
NY84,100
NY85,100
NY86,100
NY87,100
NY88,100
NY89,100
NY90,100
NY91,100
NY92,100
NY93,100
NY94,100
NY95,100
NY96,100
NY97,100
NY98,100
NY99,100
NZ00,100
NZ01,100
NZ02,100
NZ03,100
NZ04,100
NZ05,100
NZ06,100
NZ07,100
NZ08,100
NZ09,100
NZ10,100
NZ11,100
NZ12,100
NZ13,100
NZ14,100
NZ15,100
NZ16,100
NZ17,100
NZ18,100
NZ19,100
NZ20,100
NZ21,100
NZ22,100
NZ23,100
NZ24,100
NZ25,100
NZ26,100
NZ27,100
NZ28,99.52
NZ29,87.88
NZ30,100
NZ31,100
NZ32,100
NZ33,100
NZ34,100
NZ35,99.96
NZ36,90.5
NZ37,47.4
NZ38,13.6
NZ39,1.42
NZ40,100
NZ41,99.99
NZ42,99.43
NZ43,92.4
NZ44,44.78
NZ45,15.19
NZ46,5.65
NZ50,100
NZ51,100
NZ52,74.48
NZ53,12.56
NZ60,100
NZ61,100
NZ62,31.54
NZ70,100
NZ71,95.72
NZ72,2.44
NZ80,99.95
NZ81,43.49
NZ90,62.77
NZ91,3.45
SC16,9.54
SC17,1.97
SC26,26.48
SC27,89.17
SC28,42.55
SC36,0.41
SC37,75.63
SC38,99.88
SC39,72.16
SC47,7.51
SC48,57.19
SC49,67.25
SD08,11.19
SD09,40.76
SD16,15.1
SD17,44.15
SD18,94.84
SD19,99.95
SD20,31.76
SD21,10.79
SD22,5.4
SD23,0.93
SD26,66.13
SD27,99.4
SD28,97.86
SD29,100
SD30,100
SD31,99.89
SD32,91.43
SD33,99.33
SD34,91.33
SD35,36.84
SD36,37.73
SD37,91.58
SD38,99.28
SD39,100
SD40,100
SD41,100
SD42,98.84
SD43,100
SD44,99.97
SD45,97.87
SD46,87.51
SD47,84.57
SD48,100
SD49,100
SD50,100
SD51,100
SD52,100
SD53,100
SD54,100
SD55,100
SD56,100
SD57,100
SD58,100
SD59,100
SD60,100
SD61,100
SD62,100
SD63,100
SD64,100
SD65,100
SD66,100
SD67,100
SD68,100
SD69,100
SD70,100
SD71,100
SD72,100
SD73,100
SD74,100
SD75,100
SD76,100
SD77,100
SD78,100
SD79,100
SD80,100
SD81,100
SD82,100
SD83,100
SD84,100
SD85,100
SD86,100
SD87,100
SD88,100
SD89,100
SD90,100
SD91,100
SD92,100
SD93,100
SD94,100
SD95,100
SD96,100
SD97,100
SD98,100
SD99,100
SE00,100
SE01,100
SE02,100
SE03,100
SE04,100
SE05,100
SE06,100
SE07,100
SE08,100
SE09,100
SE10,100
SE11,100
SE12,100
SE13,100
SE14,100
SE15,100
SE16,100
SE17,100
SE18,100
SE19,100
SE20,100
SE21,100
SE22,100
SE23,100
SE24,100
SE25,100
SE26,100
SE27,100
SE28,100
SE29,100
SE30,100
SE31,100
SE32,100
SE33,100
SE34,100
SE35,100
SE36,100
SE37,100
SE38,100
SE39,100
SE40,100
SE41,100
SE42,100
SE43,100
SE44,100
SE45,100
SE46,100
SE47,100
SE48,100
SE49,100
SE50,100
SE51,100
SE52,100
SE53,100
SE54,100
SE55,100
SE56,100
SE57,100
SE58,100
SE59,100
SE60,100
SE61,100
SE62,99.84
SE63,100
SE64,100
SE65,100
SE66,100
SE67,100
SE68,100
SE69,100
SE70,100
SE71,100
SE72,96.33
SE73,100
SE74,100
SE75,100
SE76,100
SE77,100
SE78,100
SE79,100
SE80,99.22
SE81,97.74
SE82,90.48
SE83,100
SE84,100
SE85,100
SE86,100
SE87,100
SE88,100
SE89,100
SE90,100
SE91,100
SE92,76.61
SE93,100
SE94,100
SE95,100
SE96,100
SE97,100
SE98,100
SE99,100
SH12,26.11
SH13,10.22
SH22,34.82
SH23,87
SH24,3.98
SH27,23.74
SH28,31.22
SH29,2.52
SH32,12.19
SH33,74.12
SH34,50.88
SH36,29.37
SH37,91.25
SH38,99.91
SH39,39.86
SH43,34.36
SH44,99.6
SH45,71.39
SH46,85.01
SH47,100
SH48,98.02
SH49,34.37
SH50,31.11
SH51,2.71
SH52,36.02
SH53,60.5
SH54,100
SH55,100
SH56,97.75
SH57,95.39
SH58,28.16
SH59,0.05
SH60,100
SH61,94.69
SH62,100
SH63,100
SH64,100
SH65,100
SH66,100
SH67,72.71
SH68,6.99
SH70,100
SH71,99.86
SH72,100
SH73,100
SH74,100
SH75,100
SH76,100
SH77,85.97
SH78,15.82
SH80,100
SH81,100
SH82,100
SH83,100
SH84,100
SH85,100
SH86,100
SH87,94.48
SH88,9.45
SH90,100
SH91,100
SH92,100
SH93,100
SH94,100
SH95,100
SH96,100
SH97,93.04
SH98,3.32
SJ00,100
SJ01,100
SJ02,100
SJ03,100
SJ04,100
SJ05,100
SJ06,100
SJ07,100
SJ08,38.89
SJ10,100
SJ11,100
SJ12,100
SJ13,100
SJ14,100
SJ15,100
SJ16,100
SJ17,97.31
SJ18,34.4
SJ20,100
SJ21,100
SJ22,100
SJ23,100
SJ24,100
SJ25,100
SJ26,100
SJ27,88.39
SJ28,94.98
SJ29,33.99
SJ30,100
SJ31,100
SJ32,100
SJ33,100
SJ34,100
SJ35,100
SJ36,100
SJ37,99.44
SJ38,74.39
SJ39,89.06
SJ40,100
SJ41,100
SJ42,100
SJ43,100
SJ44,100
SJ45,100
SJ46,100
SJ47,93.31
SJ48,87.17
SJ49,100
SJ50,100
SJ51,100
SJ52,100
SJ53,100
SJ54,100
SJ55,100
SJ56,100
SJ57,100
SJ58,100
SJ59,100
SJ60,100
SJ61,100
SJ62,100
SJ63,100
SJ64,100
SJ65,100
SJ66,100
SJ67,100
SJ68,100
SJ69,100
SJ70,100
SJ71,100
SJ72,100
SJ73,100
SJ74,100
SJ75,100
SJ76,100
SJ77,100
SJ78,100
SJ79,100
SJ80,100
SJ81,100
SJ82,100
SJ83,100
SJ84,100
SJ85,100
SJ86,100
SJ87,100
SJ88,100
SJ89,100
SJ90,100
SJ91,100
SJ92,100
SJ93,100
SJ94,100
SJ95,100
SJ96,100
SJ97,100
SJ98,100
SJ99,100
SK00,100
SK01,100
SK02,100
SK03,100
SK04,100
SK05,100
SK06,100
SK07,100
SK08,100
SK09,100
SK10,100
SK11,100
SK12,100
SK13,100
SK14,100
SK15,100
SK16,100
SK17,100
SK18,100
SK19,100
SK20,100
SK21,100
SK22,100
SK23,100
SK24,100
SK25,100
SK26,100
SK27,100
SK28,100
SK29,100
SK30,100
SK31,100
SK32,100
SK33,100
SK34,100
SK35,100
SK36,100
SK37,100
SK38,100
SK39,100
SK40,100
SK41,100
SK42,100
SK43,100
SK44,100
SK45,100
SK46,100
SK47,100
SK48,100
SK49,100
SK50,100
SK51,100
SK52,100
SK53,100
SK54,100
SK55,100
SK56,100
SK57,100
SK58,100
SK59,100
SK60,100
SK61,100
SK62,100
SK63,100
SK64,100
SK65,100
SK66,100
SK67,100
SK68,100
SK69,100
SK70,100
SK71,100
SK72,100
SK73,100
SK74,100
SK75,100
SK76,100
SK77,100
SK78,100
SK79,100
SK80,100
SK81,100
SK82,100
SK83,100
SK84,100
SK85,100
SK86,100
SK87,100
SK88,100
SK89,100
SK90,100
SK91,100
SK92,100
SK93,100
SK94,100
SK95,100
SK96,100
SK97,100
SK98,100
SK99,100
SM40,0.01
SM50,0.1
SM60,0.005
SM62,1.06
SM70,14.06
SM71,1.41
SM72,43.87
SM73,2.39
SM80,59.84
SM81,56.69
SM82,85.14
SM83,45.47
SM84,1.59
SM90,89.38
SM91,99.31
SM92,100
SM93,91.25
SM94,3.47
SN00,98.01
SN01,98.88
SN02,100
SN03,99.36
SN04,19.52
SN10,59.85
SN11,100
SN12,100
SN13,100
SN14,89.09
SN15,6.76
SN20,32.28
SN21,99.97
SN22,100
SN23,100
SN24,100
SN25,21.57
SN30,65.08
SN31,98.99
SN32,100
SN33,100
SN34,100
SN35,72.5
SN36,0.51
SN40,99.25
SN41,99.86
SN42,100
SN43,100
SN44,100
SN45,99.84
SN46,25.6
SN50,100
SN51,100
SN52,100
SN53,100
SN54,100
SN55,100
SN56,94.94
SN57,44.8
SN58,11.53
SN59,5.95
SN60,100
SN61,100
SN62,100
SN63,100
SN64,100
SN65,100
SN66,100
SN67,100
SN68,99.21
SN69,93.36
SN70,100
SN71,100
SN72,100
SN73,100
SN74,100
SN75,100
SN76,100
SN77,100
SN78,100
SN79,100
SN80,100
SN81,100
SN82,100
SN83,100
SN84,100
SN85,100
SN86,100
SN87,100
SN88,100
SN89,100
SN90,100
SN91,100
SN92,100
SN93,100
SN94,100
SN95,100
SN96,100
SN97,100
SN98,100
SN99,100
SO00,100
SO01,100
SO02,100
SO03,100
SO04,100
SO05,100
SO06,100
SO07,100
SO08,100
SO09,100
SO10,100
SO11,100
SO12,100
SO13,100
SO14,100
SO15,100
SO16,100
SO17,100
SO18,100
SO19,100
SO20,100
SO21,100
SO22,100
SO23,100
SO24,100
SO25,100
SO26,100
SO27,100
SO28,100
SO29,100
SO30,100
SO31,100
SO32,100
SO33,100
SO34,100
SO35,100
SO36,100
SO37,100
SO38,100
SO39,100
SO40,100
SO41,100
SO42,100
SO43,100
SO44,100
SO45,100
SO46,100
SO47,100
SO48,100
SO49,100
SO50,100
SO51,100
SO52,100
SO53,100
SO54,100
SO55,100
SO56,100
SO57,100
SO58,100
SO59,100
SO60,95.84
SO61,99.26
SO62,100
SO63,100
SO64,100
SO65,100
SO66,100
SO67,100
SO68,100
SO69,100
SO70,93.21
SO71,98.73
SO72,100
SO73,100
SO74,100
SO75,100
SO76,100
SO77,100
SO78,100
SO79,100
SO80,100
SO81,100
SO82,100
SO83,100
SO84,100
SO85,100
SO86,100
SO87,100
SO88,100
SO89,100
SO90,100
SO91,100
SO92,100
SO93,100
SO94,100
SO95,100
SO96,100
SO97,100
SO98,100
SO99,100
SP00,100
SP01,100
SP02,100
SP03,100
SP04,100
SP05,100
SP06,100
SP07,100
SP08,100
SP09,100
SP10,100
SP11,100
SP12,100
SP13,100
SP14,100
SP15,100
SP16,100
SP17,100
SP18,100
SP19,100
SP20,100
SP21,100
SP22,100
SP23,100
SP24,100
SP25,100
SP26,100
SP27,100
SP28,100
SP29,100
SP30,100
SP31,100
SP32,100
SP33,100
SP34,100
SP35,100
SP36,100
SP37,100
SP38,100
SP39,100
SP40,100
SP41,100
SP42,100
SP43,100
SP44,100
SP45,100
SP46,100
SP47,100
SP48,100
SP49,100
SP50,100
SP51,100
SP52,100
SP53,100
SP54,100
SP55,100
SP56,100
SP57,100
SP58,100
SP59,100
SP60,100
SP61,100
SP62,100
SP63,100
SP64,100
SP65,100
SP66,100
SP67,100
SP68,100
SP69,100
SP70,100
SP71,100
SP72,100
SP73,100
SP74,100
SP75,100
SP76,100
SP77,100
SP78,100
SP79,100
SP80,100
SP81,100
SP82,100
SP83,100
SP84,100
SP85,100
SP86,100
SP87,100
SP88,100
SP89,100
SP90,100
SP91,100
SP92,100
SP93,100
SP94,100
SP95,100
SP96,100
SP97,100
SP98,100
SP99,100
SR89,7.19
SR99,58.85
SS09,25.78
SS10,3.63
SS11,1.69
SS14,4.37
SS19,6.87
SS20,99.98
SS21,96.7
SS22,58.24
SS30,100
SS31,100
SS32,47.31
SS38,0.45
SS39,1.03
SS40,100
SS41,100
SS42,94.53
SS43,61.64
SS44,36.86
SS48,41.27
SS49,71.07
SS50,100
SS51,100
SS52,100
SS53,98.41
SS54,80.32
SS58,31.25
SS59,97.83
SS60,100
SS61,100
SS62,100
SS63,100
SS64,91.11
SS68,8.56
SS69,88.98
SS70,100
SS71,100
SS72,100
SS73,100
SS74,99.45
SS75,2.2
SS77,1.53
SS78,35.05
SS79,96.36
SS80,100
SS81,100
SS82,100
SS83,100
SS84,87.67
SS87,49.1
SS88,100
SS89,100
SS90,100
SS91,100
SS92,100
SS93,100
SS94,82.97
SS96,25.02
SS97,99.94
SS98,100
SS99,100
ST00,100
ST01,100
ST02,100
ST03,100
ST04,41.6
ST06,41.57
ST07,100
ST08,100
ST09,100
ST10,100
ST11,100
ST12,100
ST13,100
ST14,50.07
ST16,26.63
ST17,97.41
ST18,100
ST19,100
ST20,100
ST21,100
ST22,100
ST23,99.99
ST24,80.59
ST25,28.03
ST26,1.39
ST27,27.34
ST28,99.98
ST29,100
ST30,100
ST31,100
ST32,100
ST33,99.89
ST34,99.73
ST35,99.93
ST36,70.03
ST37,2.29
ST38,85.16
ST39,99.48
ST40,100
ST41,100
ST42,100
ST43,100
ST44,100
ST45,100
ST46,100
ST47,61.39
ST48,79.39
ST49,100
ST50,100
ST51,100
ST52,100
ST53,100
ST54,100
ST55,100
ST56,100
ST57,98.3
ST58,72.92
ST59,89.59
ST60,100
ST61,100
ST62,100
ST63,100
ST64,100
ST65,100
ST66,100
ST67,100
ST68,100
ST69,94.89
ST70,100
ST71,100
ST72,100
ST73,100
ST74,100
ST75,100
ST76,100
ST77,100
ST78,100
ST79,100
ST80,100
ST81,100
ST82,100
ST83,100
ST84,100
ST85,100
ST86,100
ST87,100
ST88,100
ST89,100
ST90,100
ST91,100
ST92,100
ST93,100
ST94,100
ST95,100
ST96,100
ST97,100
ST98,100
ST99,100
SU00,100
SU01,100
SU02,100
SU03,100
SU04,100
SU05,100
SU06,100
SU07,100
SU08,100
SU09,100
SU10,100
SU11,100
SU12,100
SU13,100
SU14,100
SU15,100
SU16,100
SU17,100
SU18,100
SU19,100
SU20,100
SU21,100
SU22,100
SU23,100
SU24,100
SU25,100
SU26,100
SU27,100
SU28,100
SU29,100
SU30,99.9
SU31,98.65
SU32,100
SU33,100
SU34,100
SU35,100
SU36,100
SU37,100
SU38,100
SU39,100
SU40,79.34
SU41,96.68
SU42,100
SU43,100
SU44,100
SU45,100
SU46,100
SU47,100
SU48,100
SU49,100
SU50,85.2
SU51,99.85
SU52,100
SU53,100
SU54,100
SU55,100
SU56,100
SU57,100
SU58,100
SU59,100
SU60,89.16
SU61,100
SU62,100
SU63,100
SU64,100
SU65,100
SU66,100
SU67,100
SU68,100
SU69,100
SU70,94.63
SU71,100
SU72,100
SU73,100
SU74,100
SU75,100
SU76,100
SU77,100
SU78,100
SU79,100
SU80,99.23
SU81,100
SU82,100
SU83,100
SU84,100
SU85,100
SU86,100
SU87,100
SU88,100
SU89,100
SU90,99.88
SU91,100
SU92,100
SU93,100
SU94,100
SU95,100
SU96,100
SU97,100
SU98,100
SU99,100
SV80,2.8
SV81,7.65
SV90,0.46
SV91,12.25
SW32,37.45
SW33,23.64
SW42,46.29
SW43,85.82
SW44,3.31
SW52,14.51
SW53,94.47
SW54,10.66
SW61,23.95
SW62,71.59
SW63,100
SW64,55.38
SW65,0.31
SW71,41.79
SW72,92.38
SW73,99.71
SW74,100
SW75,58.1
SW76,5.18
SW81,0.27
SW82,2.54
SW83,55.33
SW84,98.74
SW85,100
SW86,70.26
SW87,31.05
SW93,8.24
SW94,96.36
SW95,100
SW96,100
SW97,90.09
SW98,5.67
SX03,0.44
SX04,22.73
SX05,88.22
SX06,100
SX07,100
SX08,62.87
SX09,2.87
SX14,0.06
SX15,92.75
SX16,100
SX17,100
SX18,100
SX19,72.67
SX25,76.29
SX26,100
SX27,100
SX28,100
SX29,100
SX35,64.89
SX36,100
SX37,100
SX38,100
SX39,100
SX44,4.59
SX45,77.27
SX46,96.74
SX47,100
SX48,100
SX49,100
SX54,30.57
SX55,99.6
SX56,100
SX57,100
SX58,100
SX59,100
SX63,5.21
SX64,62.83
SX65,100
SX66,100
SX67,100
SX68,100
SX69,100
SX73,35.54
SX74,99.39
SX75,100
SX76,100
SX77,100
SX78,100
SX79,100
SX83,6.46
SX84,42.14
SX85,94.51
SX86,99.25
SX87,99.89
SX88,100
SX89,100
SX94,0.34
SX95,19.22
SX96,22.83
SX97,58.07
SX98,95.41
SX99,100
SY07,1.36
SY08,87.04
SY09,100
SY18,25.99
SY19,100
SY28,9.32
SY29,99.92
SY38,0.07
SY39,81.74
SY48,2.92
SY49,91.98
SY58,49.09
SY59,100
SY66,1.69
SY67,22.59
SY68,96.07
SY69,100
SY77,1.1
SY78,87.39
SY79,100
SY87,2.8
SY88,99.16
SY89,100
SY97,29.83
SY98,94.61
SY99,98.58
SZ07,10.8
SZ08,32.7
SZ09,97.61
SZ19,87.01
SZ28,0.16
SZ29,76.65
SZ38,42.43
SZ39,65.23
SZ47,13.3
SZ48,93.77
SZ49,54.74
SZ57,29.46
SZ58,95.81
SZ59,46.81
SZ68,23.95
SZ69,24.94
SZ79,19.17
SZ89,53.95
SZ99,10.08
TA00,100
TA01,100
TA02,79.28
TA03,100
TA04,100
TA05,100
TA06,100
TA07,100
TA08,73.78
TA09,22.33
TA10,100
TA11,94.18
TA12,64.75
TA13,100
TA14,100
TA15,84.26
TA16,81.93
TA17,67.16
TA18,6.01
TA20,100
TA21,57.34
TA22,99.74
TA23,86.34
TA24,25.19
TA25,0.04
TA26,5.1
TA27,14.98
TA30,66.56
TA31,50.12
TA32,67.53
TA33,5.67
TA40,9.53
TA41,13.62
TA42,0.19
TF00,100
TF01,100
TF02,100
TF03,100
TF04,100
TF05,100
TF06,100
TF07,100
TF08,100
TF09,100
TF10,100
TF11,100
TF12,100
TF13,100
TF14,100
TF15,100
TF16,100
TF17,100
TF18,100
TF19,100
TF20,100
TF21,100
TF22,100
TF23,100
TF24,100
TF25,100
TF26,100
TF27,100
TF28,100
TF29,100
TF30,100
TF31,100
TF32,100
TF33,99.1
TF34,99.9
TF35,100
TF36,100
TF37,100
TF38,100
TF39,100
TF40,100
TF41,100
TF42,99.04
TF43,79.94
TF44,72.44
TF45,100
TF46,100
TF47,100
TF48,99.27
TF49,70.49
TF50,100
TF51,100
TF52,93.25
TF53,2.9
TF54,2.93
TF55,58.97
TF56,75.16
TF57,57.27
TF58,13.77
TF60,100
TF61,99.8
TF62,99.37
TF63,69.98
TF64,11.18
TF70,100
TF71,100
TF72,100
TF73,100
TF74,58.24
TF80,100
TF81,100
TF82,100
TF83,100
TF84,64.14
TF90,100
TF91,100
TF92,100
TF93,100
TF94,67.75
TG00,100
TG01,100
TG02,100
TG03,100
TG04,53.19
TG10,100
TG11,100
TG12,100
TG13,100
TG14,35.51
TG20,100
TG21,100
TG22,100
TG23,96.54
TG24,11.52
TG30,100
TG31,100
TG32,100
TG33,38.85
TG40,100
TG41,100
TG42,55.76
TG50,32.85
TG51,17.83
TL00,100
TL01,100
TL02,100
TL03,100
TL04,100
TL05,100
TL06,100
TL07,100
TL08,100
TL09,100
TL10,100
TL11,100
TL12,100
TL13,100
TL14,100
TL15,100
TL16,100
TL17,100
TL18,100
TL19,100
TL20,100
TL21,100
TL22,100
TL23,100
TL24,100
TL25,100
TL26,100
TL27,100
TL28,100
TL29,100
TL30,100
TL31,100
TL32,100
TL33,100
TL34,100
TL35,100
TL36,100
TL37,100
TL38,100
TL39,100
TL40,100
TL41,100
TL42,100
TL43,100
TL44,100
TL45,100
TL46,100
TL47,100
TL48,100
TL49,100
TL50,100
TL51,100
TL52,100
TL53,100
TL54,100
TL55,100
TL56,100
TL57,100
TL58,100
TL59,100
TL60,100
TL61,100
TL62,100
TL63,100
TL64,100
TL65,100
TL66,100
TL67,100
TL68,100
TL69,100
TL70,100
TL71,100
TL72,100
TL73,100
TL74,100
TL75,100
TL76,100
TL77,100
TL78,100
TL79,100
TL80,98.25
TL81,100
TL82,100
TL83,100
TL84,100
TL85,100
TL86,100
TL87,100
TL88,100
TL89,100
TL90,84.39
TL91,97.56
TL92,100
TL93,100
TL94,100
TL95,100
TL96,100
TL97,100
TL98,100
TL99,100
TM00,58.32
TM01,67.79
TM02,99.8
TM03,100
TM04,100
TM05,100
TM06,100
TM07,100
TM08,100
TM09,100
TM11,65.88
TM12,100
TM13,95.29
TM14,99.14
TM15,100
TM16,100
TM17,100
TM18,100
TM19,100
TM21,10.55
TM22,50.7
TM23,77.59
TM24,98.42
TM25,99.99
TM26,100
TM27,100
TM28,100
TM29,100
TM33,17.91
TM34,82.14
TM35,99.95
TM36,100
TM37,100
TM38,100
TM39,100
TM44,11.12
TM45,61.08
TM46,77.64
TM47,93.62
TM48,100
TM49,100
TM57,7.13
TM58,34.23
TM59,45.83
TQ00,90.53
TQ01,100
TQ02,100
TQ03,100
TQ04,100
TQ05,100
TQ06,100
TQ07,100
TQ08,100
TQ09,100
TQ10,77.06
TQ11,100
TQ12,100
TQ13,100
TQ14,100
TQ15,100
TQ16,100
TQ17,100
TQ18,100
TQ19,100
TQ20,55.53
TQ21,100
TQ22,100
TQ23,100
TQ24,100
TQ25,100
TQ26,100
TQ27,100
TQ28,100
TQ29,100
TQ30,73.42
TQ31,100
TQ32,100
TQ33,100
TQ34,100
TQ35,100
TQ36,100
TQ37,100
TQ38,100
TQ39,100
TQ40,98.25
TQ41,100
TQ42,100
TQ43,100
TQ44,100
TQ45,100
TQ46,100
TQ47,100
TQ48,97.48
TQ49,100
TQ50,100
TQ51,100
TQ52,100
TQ53,100
TQ54,100
TQ55,100
TQ56,100
TQ57,92.06
TQ58,99
TQ59,100
TQ60,74.65
TQ61,100
TQ62,100
TQ63,100
TQ64,100
TQ65,100
TQ66,100
TQ67,89.77
TQ68,100
TQ69,100
TQ70,26.73
TQ71,100
TQ72,100
TQ73,100
TQ74,100
TQ75,100
TQ76,96.88
TQ77,93.25
TQ78,85.48
TQ79,100
TQ80,3.1
TQ81,91.57
TQ82,100
TQ83,100
TQ84,100
TQ85,100
TQ86,98.52
TQ87,81.29
TQ88,68.82
TQ89,97.76
TQ91,30.27
TQ92,99.98
TQ93,100
TQ94,100
TQ95,100
TQ96,96.26
TQ97,43.43
TQ98,72.16
TQ99,92.65
TR01,30.01
TR02,93.02
TR03,100
TR04,100
TR05,100
TR06,80.56
TR07,11.38
TR08,24.15
TR09,69.71
TR12,0.91
TR13,70.31
TR14,100
TR15,100
TR16,81.34
TR23,29.29
TR24,100
TR25,100
TR26,95.32
TR27,0.31
TR33,0.49
TR34,63.6
TR35,72.11
TR36,81.92
TR37,10.67
TR46,0.37
TR47,0.06
TV49,5.4
TV59,38.1
TV69,4.9
WA50,14.76
WA60,0.5
WV27,23.2
WV28,0.68
WV37,22.56
WV38,18.3
WV47,6.02
WV48,0.45
WV54,7.13
WV55,25
WV56,0.28
WV62,0.01
WV64,21.19
WV65,58.87
WV74,3.14
WV75,6.53
WV76,0.01
